fasta_lake/__init__.py	ad3fb816078d8678822375f4cd49472184616885722d4b7ecc060501b3d9d4bb
fasta_lake/aggregate.py	f539d82e3360b4d7ffda8e0b10256758bbf9f550ec4a125a9c5fb39bf1c87f10
fasta_lake/benchmark.py	559cbc44370a15ee94fa9a79b63246d4bf32af25695db691da6fb348a1a6fbfb
fasta_lake/blosum.py	f604607ea41fd78dd71756cece405a40f3873ed857f524c8fcede0f43d37f4ee
fasta_lake/canonical.py	b3c1509e915899e93d613222cd4089387ff3fa173e67ad375e363aca48cc6f70
fasta_lake/canonical_comparison.py	a9fc3369831c45faa857fe5afd16f8397a40a82ec5084df7f9866a083cb140a1
fasta_lake/cli.py	5815218687bba9679e619ffce6d53bf85ab660e837bfd08e9738c42d4280a3b5
fasta_lake/complexity.py	297591d2ab9d35d765afd17fa3f8839c75de7bb59d868e831088e26bb5a5b97b
fasta_lake/config.py	21243dc8a5263ff0cd0f6fb63768717d2fc875cf89a4304f7641a7a363817926
fasta_lake/configs/msfragger_dda.params	7aa45b210a7d9f71fc062d014127efca9424aa7ebf07f863d16a38d59d945767
fasta_lake/configs/sage_dda.json	66934b17beee65429d73fe8d84a035a38138814293255c965c0eada591d5631b
fasta_lake/configs/sage_dia_widewindow.json	f293a0d37919ea9fdc2172ca4deb0fa465ac223bfc1c4cd0a2ea15ca179c7ab7
fasta_lake/contaminants.py	8959ae5d44f09680bb5bd28ce9e0ef12fb8882179ee9f4bc1d396aef1c88a410
fasta_lake/diagnose.py	e91ab7e9dbd0a03a5079dfdd454c2cd6f0e8317053e318e2282cd14c0a6e282e
fasta_lake/entrapment.py	b08e6c61664e5cc70ee845c323346787d49990cf782e88e2a72fb131dca76419
fasta_lake/entrapment_classes.py	033cfd194ae70c76e244538090c8282ae8f96a9af11d796e881f81ddb25f4b05
fasta_lake/entrapment_stages.py	ac5d08b85fc1d86d52aa6309ee006efc863879a1ddb1a2b1e9892bbeb45e740a
fasta_lake/entrapment_workflow.py	32bd5a7570d052eccff732b152619baf1fcebf9cfc368ed9974aaf2b13f656cc
fasta_lake/hashing.py	e4d2719ed1da4b680ae8fc076806d70b4887927bea3a371198eeebd64b7a0e43
fasta_lake/headers/__init__.py	dab0e640f08776eef9881bc88496f2ebf95e3693289806339818e49a44d35888
fasta_lake/headers/__main__.py	2ba436639790382ee121f63cb2c72bfa96401413afd7378e0e36f8c2bdad70f8
fasta_lake/headers/fasta_io.py	8c6cdcccf585a8e6cdab6f2977979f4c70d34e2c0e951b8c80c2ef8b24991ecb
fasta_lake/headers/report.py	9b79bfa58ea5c9b04508ae475a55c44e8216d4911b87efe5a3099aefa1ac8a68
fasta_lake/headers/validation.py	2997238e6fc9a2569ac8ec5d4adf30340d1beaef1172b79f45d12bfb4e7cfa06
fasta_lake/helpers.py	f30a540c6b2d74073763336099ff598d7bcdb6e7d6c94d47803db2002ebba3b8
fasta_lake/ics.py	acf62e8b0385f0f195f807a56e36c03b1ec31518b059f024c676b2d7711f71ea
fasta_lake/inference/__init__.py	10dec685ede2dec9576ea8e578ea6df6b2391cbfbb12ff8361a4c996dca05be8
fasta_lake/inference/base.py	a6ae27bc29fcbbe338a6069d3575cb7987d5e5fa2c228e3628db7c885963d9e3
fasta_lake/inference/runner.py	29a27794fef7796cb18acf904514ebef0d06d9d16ef297c5da3ee24be1165735
fasta_lake/inference/strategies.py	5dccd93f81d34801b625fb299624da62a57456a6ffc7ca64d08c7b6165b2a3b3
fasta_lake/lake_builder.py	0bb7682febf5b4b7dffa61f3a480cd30e3b8349d1cefe926cbf221ab97cda3c4
fasta_lake/lake_merge.py	bc9b59aaf91f9154967b3b5ca9d43669f9a59eda9fd84e20fc014d8c0038c187
fasta_lake/multi_omics/ARCHITECTURE.md	997c356a3654ff3969b52f6859cbe50dfa7f0330c50342b8134f81ff00b84af9
fasta_lake/multi_omics/__init__.py	9fdf4013e62772cd887f683c587379178995473d6dd96fc7079411cfb93365e4
fasta_lake/multi_omics/__main__.py	7b2435260456d7da888af20d55c38bb59beeb5330df110874eea8ecc43056819
fasta_lake/multi_omics/evidence_gate.py	99aee9cb7fa3a5cbc2e1205e259a346bc41e207b00c0ffcc67032cd5574fb1ab
fasta_lake/multi_omics/reproduce.py	89fc0d12baa643f193ddbb575d93465dbed9227e386586dd0a7581f29649072d
fasta_lake/multi_omics/runner.py	94708adc1204909abdf96c334749000589365e6d12caec27f3dc9b64e7f98d5c
fasta_lake/multi_omics/verification/SHA256SUMS	2dce70b048d31733b0707559362f1836331e6844549c27931c83dd472f4adcd5
fasta_lake/multi_omics/verification/fdr_gate_benchmark_FL_MO_razor_persample.tsv	10cb4907b80444541b858eecfafee8a0890d7c4d29ef5d991aaa6d5e45f4089b
fasta_lake/multi_omics/verification/fdr_gate_benchmark_FL_bayesian_persample.tsv	01336f78908e11df206cf7e9ea8d4bf06a72cd995d7f988b6965b93d6da22b45
fasta_lake/multi_omics/verification/fdr_gate_benchmark_FL_razor_persample.tsv	9d4b35ac8993b6e0529af39fed457f8961542a181cb049fd789996e9d66928b6
fasta_lake/presets.py	75e0270d8bbacd326dacf2148890e69f99ff7e91195be67d621eb91979ae0fcd
fasta_lake/proteomics/ARCHITECTURE.md	81fc1a35b23d8fca9baa702ba269c05b18887ffef72a96cd7c8d5a4786b11ce3
fasta_lake/proteomics/__init__.py	df4a8f1d6117005ce531e11c56f77f56ea88e9acf7416374afbdc66c85e3f747
fasta_lake/proteomics/cascade.py	4a70c86ee1051e03809ecac1cc7f0ae6912bb8eeb1d34b2284d4f30236633a32
fasta_lake/proteomics/grouping.py	76ec7059a53e2692f82cb58aaa0d16a7ea820bcb09941fac5b7853efcfda8ccf
fasta_lake/provenance.py	ede031b8c32f05085a79578f0d83b671bb65db4e504d7e96dafba8353636503e
fasta_lake/quality.py	6dbaeedab1bcaf4439a3b9f65bc6c070de180fa7b19d37ceb6d6d4d9992789bc
fasta_lake/refine.py	bb83681399164a329371d03b63af3eac44b4f0680134f36cff16453a7a581ad1
fasta_lake/run_config.py	f6d9c9d3b8d0fa358e720c48c12f5233de5fa9eef1838569346b8f6c5a46cfb6
fasta_lake/rust/__init__.py	520844de0501bd8501d8f6b31150767828a05e5734b95eeddbd93763fcdddd8e
fasta_lake/rust/binaries.py	a33f34bdfcd6eaabc859a8f3c32a1055cac6b8c6bb62c2cd1bb946600e535429
fasta_lake/study.py	56879a8792a84106fd8d328535fc51084adce88c378481f4ca040b2b09fb26be
fasta_lake/tune.py	63f4d0bb3773a632e2ab1730bd9144adb802c58bf1597bce67d3d6192dcf7e7c
rust/aggregation_engine/Cargo.lock	ac9dd61946aef92488c9691b6c222e4df35a4e94f58f7a9edb39d77db6e3b000
rust/aggregation_engine/Cargo.toml	82a8b1615b9fd9b77932f2cc3d308deb8ba555cf6011aab38787959936ea78b9
rust/aggregation_engine/README.md	6818f430b8ad3c96487e81cc56ef4299d89f28512006d7a6de002e5afa5b9aaf
rust/aggregation_engine/build.rs	a7c8e3b957f2d9838abc2b1ed3a3319f7fd1c8300c01d4029260f3fd97c169e5
rust/aggregation_engine/src/main.rs	389217da1a12b34bc01e803c468204afaf4433dfeab479c83b1e9c37b018de3f
rust/fasta_export/Cargo.lock	d6d1bb4486ca5b19f8b24ea9a6cb5adb1918e3dba7119874ad61462a11bfe810
rust/fasta_export/Cargo.toml	d6d32aa9eee3d6dd4900bf3681daf497d563adaa3bcf7eb334ccb7b05b32399c
rust/fasta_export/README.md	03cb2cd161e8712a124408faf1687a19ae916a5dc20002e80675cd550df16f55
rust/fasta_export/build.rs	a7c8e3b957f2d9838abc2b1ed3a3319f7fd1c8300c01d4029260f3fd97c169e5
rust/fasta_export/src/main.rs	8fe280b8f4e7454b00b7207ac5f24092c4121205fe71d039a82901c35ec595ad
rust/fasta_extractor_v2/Cargo.lock	31eff8e4f96f12b86df5ec1b504bb62fa5657a1d0195b9f2557b682bc893a031
rust/fasta_extractor_v2/Cargo.toml	a66137cdd656cc318792acb8b81656a136a4e7ada0b7f18564e9edc5359d333e
rust/fasta_extractor_v2/README.md	80bcfc70d8ec3e9e0bc680e6419089cf3839965f11f11a70f9cddcf01989141a
rust/fasta_extractor_v2/README_parameters.md	42234e0ba1c04c95ea6a58d23c4d8e9cf35020a37876b882501651b5f6c14304
rust/fasta_extractor_v2/build.rs	a7c8e3b957f2d9838abc2b1ed3a3319f7fd1c8300c01d4029260f3fd97c169e5
rust/fasta_extractor_v2/scripts/build_core_proteome.py	85ac57612d2da3d89cfc54392629c0793c7510cff91b1f892d9a7c76feb9b8bd
rust/fasta_extractor_v2/src/bin/fasta_sort_by_id.rs	9d116f96ce7b6c0ff6a1a074155e88deee1e0366c726a91cdabb41b502309f12
rust/fasta_extractor_v2/src/bin/hash_fasta.rs	e6dfbdc8678ae389652441346b94ca8a5d55a4f92e5155883bae3d06eb6e2f46
rust/fasta_extractor_v2/src/bin/lake_builder.rs	c711ad524536d2a95d5b403acfc1a5bf8b09b4e14a573942846d6d5764ff9e0d
rust/fasta_extractor_v2/src/bin/mass_corasick.rs	c412b9abb6ba7d64a6a285fa47c0689a6e99f39a092bde358baa2b228bd87e46
rust/fasta_extractor_v2/src/bin/mass_corasick_v2.rs	7e760664cb853d7a70ee85cc12f893d86d92cffe0c86cedc9866b05e54e7146f
rust/fasta_extractor_v2/src/bin/mass_corasick_v3.rs	967d608a9ba1455d9c23a212a4a40f64ad1a597a79549e75369b7725871eab21
rust/fasta_extractor_v2/src/bin/mass_kmer_anchor.rs	6b2e8a2e8a5f6c460613d369c0b03204d09ba07ca8243afeb73adc8c822ff6c6
rust/fasta_extractor_v2/src/bin/parsimony.rs	e8a63226f87d2048496cb8978872d62b11107ba2d1cfa93b4ec56289092f3c04
rust/fasta_extractor_v2/src/main.rs	ff2ad00f5464ddb46c16b5ec1c7e9608ec2f7c0bc52495094cbff255309f7781
rust/fasta_extractor_v2/tests/integration_test.rs	473ec0dfd23021c5a278318648849e80922c8133223d713d83d3af7adc127206
rust/lake_stats/Cargo.lock	55458259cf6e8c2ba0ef176f3e454328dc6392ed072366927fd4a91887a7f74c
rust/lake_stats/Cargo.toml	58a6e10c5e26ec154a362f1e51d577bc196809e71cc5683aace60395583ef1bb
rust/lake_stats/README.md	48f067fc6784f4ff1c7687547043bff9717f56db29293861e548ffba9966459a
rust/lake_stats/build.rs	a7c8e3b957f2d9838abc2b1ed3a3319f7fd1c8300c01d4029260f3fd97c169e5
rust/lake_stats/src/main.rs	cca2503feb20619cdcacd64f408b7f5de10b2970511e2a2a73e8bef65ef660ac
rust/lake_stats/tests/golden.rs	276f446b6dc1a9bc1fc73f2890cd8219e641eecd424bbca06f958a362bab858e
rust/parsimony_engine/Cargo.lock	30155c6e6a403b425e64f935d75d9cc6c8433c5e4e948fe67643fb69faf4a0a4
rust/parsimony_engine/Cargo.toml	2b016ce0cbd4de35b76c9a3d3f0d9decdee4c3ebd06a9d72f28081cc4f0f270d
rust/parsimony_engine/README.md	0425c950f5fd483041a1614e74c717c8e5679e3249e41848bc51a06ac06364d8
rust/parsimony_engine/build.rs	a7c8e3b957f2d9838abc2b1ed3a3319f7fd1c8300c01d4029260f3fd97c169e5
rust/parsimony_engine/src/main.rs	a37248cf50b0c6f8e4ed05bd1494f7e4e7476e942b996ef8e520b5658a8308ed
rust/parsimony_engine/tests/fixture_weights.sh	1172cbd1cdd72cb7d19d40efe2306f4f3bb866c4cdccb846d48abc353185efec
rust/shared_peptide_classifier/Cargo.lock	0dee8a9d96a8b9421fc3cf1a059ac6bcc63cfd4ddcf0ba14312d9fd156c2eb3e
rust/shared_peptide_classifier/Cargo.toml	9c7cff97f3bcdd987bb8386c7b73eb21eb1bee95178083dfe6c4bdcd71de28da
rust/shared_peptide_classifier/README.md	2b6149a2edc8c0c6883e8ae34b1e6673ad0b01afbae1df6a105dc70436a04e1e
rust/shared_peptide_classifier/build.rs	a7c8e3b957f2d9838abc2b1ed3a3319f7fd1c8300c01d4029260f3fd97c169e5
rust/shared_peptide_classifier/src/main.rs	1c34a4845ad2ba32f5b05477c47c252e684dc5476a4244127bb70844e8db1531
rust/shared_peptide_classifier/tests/determinism.rs	3effb4acf9501f0cca167a06dcb9d3b16728f8d138ea484a889b054a910f9d0d
rust/shared_peptide_classifier/tests/fixture_smoke.sh	0f90fab36f403dbce471d8e44611931c864cc4b9643db8ac2122d48222fdfd40
tests/_data_paths.py	e5dd267cb8a628ea2e482691a84bdf3b2b9b6a95cb819df9bef0850771e82190
tests/conftest.py	6a8bc3c36cd49b34fd510f574067b5bf2f642c0732a4d9a7440818b07c5eb76f
tests/data/tiny.fasta	35ad834acfc49e3c176a359778dafa42eaa2e8874e8940d162f939629e316b68
tests/data/tiny_predictions.csv	9c5dc80d0de2e2deca077d43b737198cef9c5b0e3866c45625cb47840dfcc999
tests/proteomics/test_grouping.py	7e31288d8abf157c127c66ae34e50ca5687073df2595e90141b9aa4f4ac530eb
tests/test_aggregate.py	c0a38cdd9e501d0dfecfe7ae8a4b8f7460c0b94613aa1779de28d74b8ce669ff
tests/test_benchmark.py	7ea6d97e2e28716cdb78658afb33a0ff0315a449438b34897b34f732181c116f
tests/test_benchmark_results.py	5eb39887ad38089f0a7efdb08c7ff1a2491445cc3b602ca7db78ecf119438b7a
tests/test_cli.py	56703270d972530bb1d0429b0f1bfc4f771f53e57c59fffcf4e37f99b592e00d
tests/test_complexity.py	1b360dd93021e5b1f1ce336ebc600aa26a10a5d76a8e5e0f88dfa648c9fd2b63
tests/test_config.py	8e65fd32cb34debad9bd8261088c0d186615fa610e3ebcb520d140786146e6f8
tests/test_contaminants.py	97871516ba1098fc47a1b06adb6c11339ad1acd6eb3880a6e0cb639d4cd73ad4
tests/test_demo_runs.py	22e6817d3c2e666de2995a2dd2854626df825201dfb22d3c92d0cb1af7fdef60
tests/test_duplicate_trace_e2e.py	583dd3b9e02a851133e79927b508f7ed4cf711e32d73efd50e32d593fd291d43
tests/test_e2e_multi_dataset.py	d8ac33ae08bfb5dd1d3a741726be7e72cf9cd1bd363a5f6e670ec62d04fecc46
tests/test_e2e_real.py	5b28f35d1373addbb25bab08747c0d627c7f74be82afde51d2e7b43346a7c7dc
tests/test_empirical.py	e4adc7a028efb342c9d749f913186d83a20f20b6051996fc72e3c067953728f8
tests/test_engine_integration.py	99fc01cca07ad163871d27ec719364e80e268543915fad3b712f92f074adecf2
tests/test_entrapment.py	581fd7aa102631f3ec5d875baa5180698e0d2e85655be10d4880d884995e5c76
tests/test_entrapment_workflow.py	347e0649fea884a194ffbb1417987987e53430fe505b56d4f6a37a1ea35bb7ca
tests/test_fasta_io.py	40514a9e8f170314eae31c14de29f863904710d26bf7857fc1af3e325cf5ad98
tests/test_hashing.py	0718f11c9f15368ad89abcc1e9a1722860abd8f56bb074855df1f6419f2d61d8
tests/test_hashing_crosslang.py	3cb00dadeddfa66d0400636d395924b6a28b911b7a8617dc051cd65c16a33913
tests/test_headers.py	fca93e80dd48b5411cf9a8c2aa67e7726b3e5d7eb30c10f9690f7659d8a51f1d
tests/test_helpers.py	fcd17c85fffbd6e4c3e4c489c518cb50336eb838b02cb99b2e582d1016251907
tests/test_inference_integration.py	fb8d45832858c8c25a81cdfca1bd89cc652b3df0c743e8d3577a3a39059e6753
tests/test_inference_unit.py	30412d0bf63eb42d38e2fa76c61121bac70e84467b941ecd4db86fc5bf6ed00f
tests/test_lake_builder.py	be843f3ddaf4304eb85d34431636ce8667cb4c362189a8badf7704e1f58297af
tests/test_lake_header_consistency.py	a96c10a45f5899dfe77b5bdbfee327dbf5bf8f52f5c9a742df598807a8d4c74c
tests/test_lake_merge.py	39237d8c7786acc8ba2d61423f215f83073f9dd1fef1fee56dfd7429e55403d6
tests/test_metric_names.py	837a8e6cff7e6a061f89964d791a1369cddc6bd1bd0a921e9f0f5ab0bc68527f
tests/test_multi_omics.py	a486be27b84f46f44f57f86c494869f76b2b9b3e3e72956403ea078e06dd72a1
tests/test_no_site_paths.py	7508592f576e1a286facc21e99156714e8f95b4aad9effd953ebf5f2bc6f0f3b
tests/test_presets.py	9e441a1a0aaa103310a4b846233e0da7e8e487c82ca4242a0d68e48449e336ac
tests/test_provenance.py	c50b80349d124b1fffaea012db8f29fe42d350a122a0df2a462f5a7544de4263
tests/test_quality.py	626dc2d2dbce17b8c2ee2140feb27e9510132c2e6955432613045fe3dd32bb2b
tests/test_release_review.py	c1cde955cbd41a652970a024e96c204df1894bbdaec59f963d5c601cb6e679b6
tests/test_rust.py	2691aa554acfc6f08646a195a6ff95f9b77232c69ca92b5bba8c20b89d3450e6
tests/test_stress.py	8b6f542bc772d13c0b2e285a220ff1caeeaf71c8938f99f8ca1e6621f7399e8a
tests/test_study.py	e1217bb0969c094861a255106df9e455833e0ef9e80bb566088b02a1a3d1d48e
tests/test_tune_diagnose.py	cd10172c1a53f965d7ec6c5c27c59810d7712ea1d60f50aa8963670eb6781c8c
tests/test_validation.py	b97ae946c4e406c10766c7daeaee4ebc9b5dd32adf4d00b0565d9804fea99a73
tools/build_documents.py	1efd3b16c872cb138032c1a5e053e3c4c5d5b00912ae9731fe6c40a40d2e4a9f
tools/check_no_site_paths.py	2f1b8dfb88c16537b6815384d53fc1004c86849407b013119f855d3d72620af5
tools/group_study.py	bb9ae6cc7f58256ec18f10337bd0a25fd2b4809d1e9f1570528952ebbb76a212
tools/plot_validation.py	fb40b0a63628330237f95bb2e69ac273030b2e9c718cc2c9a74bf2c49ce178de
tools/run_manifest.py	dab88425ed37fa3fffd66cf32be8f79c3566baecb9a59590017a350cbc9fca37
