sample	sample_group	study_group	n_peptides	n_features	intensity
S01	CAMPI_014679dc7f7f80307a09fcc34b56a0f2e0df6c7e065a69f2b402089d8db827dc	CAMPI_014679dc7f7f80307a09fcc34b56a0f2e0df6c7e065a69f2b402089d8db827dc	4	4	169633104.35268077
S01	CAMPI_022cc77c229c9a804992ab8ce34d68e78379b41c81f7fdca2dccaa11abe63d11	CAMPI_022cc77c229c9a804992ab8ce34d68e78379b41c81f7fdca2dccaa11abe63d11	2	2	311571967.93451464
S01	CAMPI_02f124c9a235ee8ad3774cb726d46b847768831579ef686d777a257c2bf93619	CAMPI_02f124c9a235ee8ad3774cb726d46b847768831579ef686d777a257c2bf93619	1	1	38317019.687860325
S01	CAMPI_05cd4d1acba0d5d9ba1d047cfe5b9f7331c35c487633dda34520abbea0bd331c	CAMPI_05cd4d1acba0d5d9ba1d047cfe5b9f7331c35c487633dda34520abbea0bd331c	6	6	1335590095.8551269
S01	CAMPI_06cfcc71bc10f9dac4eb1ccb5f5246d9b767ffeb0e5444061bef9af3f502d41a	CAMPI_06cfcc71bc10f9dac4eb1ccb5f5246d9b767ffeb0e5444061bef9af3f502d41a	2	2	110347010.15519547
S01	CAMPI_07cd1d25495654f936928b9f7fcbcc4ce6717ecf6828b682f43a38b5f62b9913	CAMPI_07cd1d25495654f936928b9f7fcbcc4ce6717ecf6828b682f43a38b5f62b9913	1	1	6619446.712278782
S01	CAMPI_0830a1c300e272bcf7470e5222c33c5e18ad093fdff69a172c3dff652f73f245	CAMPI_0830a1c300e272bcf7470e5222c33c5e18ad093fdff69a172c3dff652f73f245	1	1	70098816.22989023
S01	CAMPI_089ce6e7e0d18703cfe464af08919b253be9c0ce447f1a1b7acfe77c9a5ca4dc	CAMPI_089ce6e7e0d18703cfe464af08919b253be9c0ce447f1a1b7acfe77c9a5ca4dc	2	2	19219170.459961586
S01	CAMPI_0b1bef67c1d4c5d92896b85564e4a09c6a9192d7dc67b5455a28288b012f9b98	CAMPI_0b1bef67c1d4c5d92896b85564e4a09c6a9192d7dc67b5455a28288b012f9b98	1	1	10089905.582933735
S01	CAMPI_0b4aeb7d27f17441a2831411b24de008f566e1ab217aaf5e76283bb1a540873e	CAMPI_0b4aeb7d27f17441a2831411b24de008f566e1ab217aaf5e76283bb1a540873e	2	2	106876734.89184713
S01	CAMPI_0e7e2b68d08f4392f29375dc1346ed88478aa759b114ad5b163d6e694b6baeda	CAMPI_0e7e2b68d08f4392f29375dc1346ed88478aa759b114ad5b163d6e694b6baeda	1	1	5670725.1489470815
S01	CAMPI_0ea3213335ad04833460097e3aa00b47636e18e355742695d309c3728474eed0	CAMPI_0ea3213335ad04833460097e3aa00b47636e18e355742695d309c3728474eed0	1	1	283301023.5848161
S01	CAMPI_0fd55ac9d9b1c68c11586a42b2796981d23b4c389bf62b6dee651bbd3acf3389	CAMPI_0fd55ac9d9b1c68c11586a42b2796981d23b4c389bf62b6dee651bbd3acf3389	1	1	42808833.49709582
S01	CAMPI_10780e38f24b6f08c4945d3929ba1227654a4c9629ad5e8ca8dcd7a01b55570d	CAMPI_10780e38f24b6f08c4945d3929ba1227654a4c9629ad5e8ca8dcd7a01b55570d	1	1	45634639.05568586
S01	CAMPI_12bf9dfe3280bf4840a5676db9a2f3e4864b54896b9c22fc83c3aa77fe4ee482	CAMPI_12bf9dfe3280bf4840a5676db9a2f3e4864b54896b9c22fc83c3aa77fe4ee482	1	1	10153637.717077708
S01	CAMPI_12ef7970b8b7a36c8c78be6e05f8e74ebf497bd66448eab323afef8276e4e3fe	CAMPI_12ef7970b8b7a36c8c78be6e05f8e74ebf497bd66448eab323afef8276e4e3fe	1	1	18500078.433876216
S01	CAMPI_15653d00890569e857914c704a40c2ca9e8af9dede3a045b005f8a096d2f294d	CAMPI_15653d00890569e857914c704a40c2ca9e8af9dede3a045b005f8a096d2f294d	2	2	40249555.286398046
S01	CAMPI_16e6c31f167d891e44c4d0f3a118dab6f6962cfc691a983826c7b10e32f75af2	CAMPI_16e6c31f167d891e44c4d0f3a118dab6f6962cfc691a983826c7b10e32f75af2	4	4	373600980.2753798
S01	CAMPI_175793a5b7f2cadc6908ccb17c1eccd7bbf658cadb07fbafcb21d2226ec1f033	CAMPI_175793a5b7f2cadc6908ccb17c1eccd7bbf658cadb07fbafcb21d2226ec1f033	1	1	28172418.521870885
S01	CAMPI_185762f51664018f3c73fbe9b42a70538b15b84e26508ce10151a874b19ca81d	CAMPI_185762f51664018f3c73fbe9b42a70538b15b84e26508ce10151a874b19ca81d	1	1	9485436.304972451
S01	CAMPI_19ea7666d6a055e20059b2b7bb487b96909be357e0e5ebe0e0965119bfdfba4c	CAMPI_19ea7666d6a055e20059b2b7bb487b96909be357e0e5ebe0e0965119bfdfba4c	1	1	137394040.37509418
S01	CAMPI_1a65f1800e174e886c520777c594a935c8141498b8d6dacf0564e580feb4b8e8	CAMPI_1a65f1800e174e886c520777c594a935c8141498b8d6dacf0564e580feb4b8e8	2	2	59159584.98223085
S01	CAMPI_1b0ebf720f1b29ea2b0982455ae029faca7714333fb56bb3cba9b9f9aa39840d	CAMPI_1b0ebf720f1b29ea2b0982455ae029faca7714333fb56bb3cba9b9f9aa39840d	1	1	11047186.006287577
S01	CAMPI_1b8f7d79845397c552074c8d936d105bf13f4cd74a0073cd003783df5962341a	CAMPI_1b8f7d79845397c552074c8d936d105bf13f4cd74a0073cd003783df5962341a	3	3	987879104.8230689
S01	CAMPI_1c3ac5e249ed68e42285d7f616ff97d175a0e3cd112a22318c1890edffb5196f	CAMPI_1c3ac5e249ed68e42285d7f616ff97d175a0e3cd112a22318c1890edffb5196f	1	2	153296723.27391484
S01	CAMPI_1d47cdc3ea431c876e16791cb795418ee29f48047fcd7db135e199177356b456	CAMPI_1d47cdc3ea431c876e16791cb795418ee29f48047fcd7db135e199177356b456	1	1	132546780.45894706
S01	CAMPI_1d5df9db69fb06c46d8b8bfeddb365289b7507b0a999f3e6475134a51d2136ad	CAMPI_1d5df9db69fb06c46d8b8bfeddb365289b7507b0a999f3e6475134a51d2136ad	4	4	2503577908.2473903
S01	CAMPI_1e417ad1a8e98a62490985fb3f2e7cd464bba8adb84f655102e6fd83d5a2c454	CAMPI_1e417ad1a8e98a62490985fb3f2e7cd464bba8adb84f655102e6fd83d5a2c454	1	1	24419568.985092517
S01	CAMPI_1e6233c65aae6fbfc8728d135e3fce46cd1c8438842744349d2d441ed20b4dd6	CAMPI_1e6233c65aae6fbfc8728d135e3fce46cd1c8438842744349d2d441ed20b4dd6	1	1	24245674.21518474
S01	CAMPI_20404d4ef97b34596ae6968813dbcaf74646bea1efbbf2ade5d99d11104611e0	CAMPI_20404d4ef97b34596ae6968813dbcaf74646bea1efbbf2ade5d99d11104611e0	5	5	156205657.5929547
S01	CAMPI_20ea7d2b7072afaed64e1025a7fb0440a8e0f8ad3ea0346df57645000e95606f	CAMPI_20ea7d2b7072afaed64e1025a7fb0440a8e0f8ad3ea0346df57645000e95606f	1	1	52321420.94896391
S01	CAMPI_20fe61b6495a3d307d69b9b16f15c4c87605ca358a215a7b3f1b7a41cc9e3666	CAMPI_20fe61b6495a3d307d69b9b16f15c4c87605ca358a215a7b3f1b7a41cc9e3666	1	1	15946327.972651357
S01	CAMPI_2367acb13a0c9276550b2c96f4bebf4251672a60ce226f62d69ebf3d5c99efd6	CAMPI_2367acb13a0c9276550b2c96f4bebf4251672a60ce226f62d69ebf3d5c99efd6	1	1	398430313.2268126
S01	CAMPI_24d5128477b896e4a33619209757fe3fd161636ce67350d7ca184bb2b4c19c83	CAMPI_24d5128477b896e4a33619209757fe3fd161636ce67350d7ca184bb2b4c19c83	2	2	95293017.68062113
S01	CAMPI_260e2168d020c1a7ab2a0a14584ad2f0b5bf72548f6e9b9e83fdf4819e532b32	CAMPI_260e2168d020c1a7ab2a0a14584ad2f0b5bf72548f6e9b9e83fdf4819e532b32	2	2	712975503.1383315
S01	CAMPI_26cc765e13bb37fee8adf7c9a30de09fd19603b20974bd67be4c120552e3b8d8	CAMPI_26cc765e13bb37fee8adf7c9a30de09fd19603b20974bd67be4c120552e3b8d8	1	1	57429912.486592315
S01	CAMPI_27136565a962b202adf771b1892940b3d8807ac28ddea51a641245a0e497af32	CAMPI_27136565a962b202adf771b1892940b3d8807ac28ddea51a641245a0e497af32	1	1	55009976.35431561
S01	CAMPI_27369016b6a408150bc5b7fc6fb782d53aa2b6ee5dbf2c151de10b1a50454bc4	CAMPI_27369016b6a408150bc5b7fc6fb782d53aa2b6ee5dbf2c151de10b1a50454bc4	1	1	9341984.901061406
S01	CAMPI_28a7af2530ce4f2a4318205896bdcefcbc675aea00c20b738f4ba282c7bae5a9	CAMPI_28a7af2530ce4f2a4318205896bdcefcbc675aea00c20b738f4ba282c7bae5a9	1	1	138457803.00874305
S01	CAMPI_2abd1c4e0e501afaad3dd7bf8e48726ef1af3ca58a77013971edc27fb75f9664	CAMPI_2abd1c4e0e501afaad3dd7bf8e48726ef1af3ca58a77013971edc27fb75f9664	1	1	45688513.162791245
S01	CAMPI_2c10b4268545258dd6ad45d601a9fcfa69f7019177ad1a07c52b18575e04745d	CAMPI_2c10b4268545258dd6ad45d601a9fcfa69f7019177ad1a07c52b18575e04745d	4	4	509355185.78706396
S01	CAMPI_2d4de2301dedbe186e3d6a965226acdbb6035caee1ed6b50c9b216c470932736	CAMPI_2d4de2301dedbe186e3d6a965226acdbb6035caee1ed6b50c9b216c470932736	1	1	46190734.788050264
S01	CAMPI_2e77453cf6ea9d7e0a97291d98277f1a5447c79f7a8f301d55d8de8dcf71185b	CAMPI_2e77453cf6ea9d7e0a97291d98277f1a5447c79f7a8f301d55d8de8dcf71185b	1	1	74039087.29100218
S01	CAMPI_2f67c88d740384b3d68654f5caf45fd1b49b3e329ec1df8d65d718dbede9acad	CAMPI_2f67c88d740384b3d68654f5caf45fd1b49b3e329ec1df8d65d718dbede9acad	1	1	10330207.48337377
S01	CAMPI_2f77b7a4fff0da3e4e6824b9266cbbab861478b61ebe8915b7efc0e747461761	CAMPI_2f77b7a4fff0da3e4e6824b9266cbbab861478b61ebe8915b7efc0e747461761	4	4	277193832.60688305
S01	CAMPI_3090cc03d7d9a4015e6607c7008d258d99b15b4dfec5db660eadfea94b8fe9fa	CAMPI_3090cc03d7d9a4015e6607c7008d258d99b15b4dfec5db660eadfea94b8fe9fa	1	1	8587475.709267693
S01	CAMPI_314d3920e394e5498ff9d5ceed582f37a4698e4851d24acb16143df8a68b2f32	CAMPI_314d3920e394e5498ff9d5ceed582f37a4698e4851d24acb16143df8a68b2f32	2	2	108766713.48568317
S01	CAMPI_3175ae76fed48f167caa3191bd5ad56e9e6e134cc720eb5fd72540fcb2089194	CAMPI_3175ae76fed48f167caa3191bd5ad56e9e6e134cc720eb5fd72540fcb2089194	2	2	1638680010.8944335
S01	CAMPI_319e328616d8124d78b1ae822129122ccdd28910dd3d403861689209bb3a0ca1	CAMPI_319e328616d8124d78b1ae822129122ccdd28910dd3d403861689209bb3a0ca1	1	1	14806645.398110075
S01	CAMPI_32a48b0fb364385ac9d12191cb5cefd42fdadacbf7526e5b66d449a56bd0675d	CAMPI_32a48b0fb364385ac9d12191cb5cefd42fdadacbf7526e5b66d449a56bd0675d	1	1	13008070.033277715
S01	CAMPI_33c314188113ac35ac8da34857d1253ab6638ca25f05c680462057f4c1986f15	CAMPI_33c314188113ac35ac8da34857d1253ab6638ca25f05c680462057f4c1986f15	2	2	239525850.57896525
S01	CAMPI_33ec7d6891ceca06e6e44e0bb43968e4c0ad5b0ee9473de84a8575ac4989d3ea	CAMPI_33ec7d6891ceca06e6e44e0bb43968e4c0ad5b0ee9473de84a8575ac4989d3ea	1	1	4612469.059618931
S01	CAMPI_3492d01055a2084dd10b8e7ec2fe68c2bf0d52132ff68d94abf22c5bee13a4c2	CAMPI_3492d01055a2084dd10b8e7ec2fe68c2bf0d52132ff68d94abf22c5bee13a4c2	1	1	14068713.248399565
S01	CAMPI_3541bddcfa7bced407672d21303bfd2dbc402ce95e3a2b7ad9f4b0639be65e27	CAMPI_3541bddcfa7bced407672d21303bfd2dbc402ce95e3a2b7ad9f4b0639be65e27	1	1	27161058.493148003
S01	CAMPI_35ec0f4385a63d1b751b19adb864ca8c33d721fbaa66d99e081b509b5ed02dd5	CAMPI_35ec0f4385a63d1b751b19adb864ca8c33d721fbaa66d99e081b509b5ed02dd5	3	3	48701940.02610269
S01	CAMPI_36abe7006a3bbccaf68ea114d447194590ef498e6fea9b166879a286120976cb	CAMPI_36abe7006a3bbccaf68ea114d447194590ef498e6fea9b166879a286120976cb	1	1	41101242.51957806
S01	CAMPI_36e55c7a7288fe915a8ee8485fdc43d63824b123323ddc646e6b486237f21580	CAMPI_36e55c7a7288fe915a8ee8485fdc43d63824b123323ddc646e6b486237f21580	2	2	338855023.32082444
S01	CAMPI_38db2d7a768efe2c68f5efa3b6a7176a5bccb5be9cd7cc597d3d7c39816cdfbe	CAMPI_38db2d7a768efe2c68f5efa3b6a7176a5bccb5be9cd7cc597d3d7c39816cdfbe	1	1	35822874.26511996
S01	CAMPI_3907c09bd9750e3ada937d1a2021d7108a1f9ba9fa87ef7c469eb5680f75daa0	CAMPI_3907c09bd9750e3ada937d1a2021d7108a1f9ba9fa87ef7c469eb5680f75daa0	1	1	77166987.84671998
S01	CAMPI_3909133b77bccea0ca57684dee74da5f1377e93b0a569fd224c1bd7514a947c9	CAMPI_3909133b77bccea0ca57684dee74da5f1377e93b0a569fd224c1bd7514a947c9	3	3	59849487.091563046
S01	CAMPI_3939cbb72638613fa3f343c19914c42a2dd4d0af122cadd04f21d0c7abf5255c	CAMPI_3939cbb72638613fa3f343c19914c42a2dd4d0af122cadd04f21d0c7abf5255c	5	5	504640545.5455078
S01	CAMPI_397ccfcb461bd6ca611a8aa2b56bc45b6a83a82fd7a39514cf54b3e017e38f3f	CAMPI_397ccfcb461bd6ca611a8aa2b56bc45b6a83a82fd7a39514cf54b3e017e38f3f	1	1	12168962.980693443
S01	CAMPI_39be64ab9a115d59e68c29006ac3b3d12b0aa905d8bd8925be05065763550b7e	CAMPI_39be64ab9a115d59e68c29006ac3b3d12b0aa905d8bd8925be05065763550b7e	1	1	96923092.51133804
S01	CAMPI_3a9427811d33c4fd0d0c709ab4f42943d8c9ebae1eda71a4270d996ec1956384	CAMPI_3a9427811d33c4fd0d0c709ab4f42943d8c9ebae1eda71a4270d996ec1956384	2	2	39736066.67869297
S01	CAMPI_3b6ecac4c769cbbc2555653747945e8d7abcd2a395d46511164374ed419b6ee8	CAMPI_3b6ecac4c769cbbc2555653747945e8d7abcd2a395d46511164374ed419b6ee8	2	2	118787227.33500442
S01	CAMPI_3b7a554594b0a7d8e22ac57541010cbe4fcf9d8e480ca2dade0a35b70cabb120	CAMPI_3b7a554594b0a7d8e22ac57541010cbe4fcf9d8e480ca2dade0a35b70cabb120	1	1	6355409.766589054
S01	CAMPI_3c0c101c2b36ac09e5cbb2a698f2060e2cfc60df08f1400e68fc9c6273fb2d8d	CAMPI_3c0c101c2b36ac09e5cbb2a698f2060e2cfc60df08f1400e68fc9c6273fb2d8d	2	2	320289033.1145096
S01	CAMPI_3caf2811e800f1bad5773b2e27e55984291784468b7cd61164766516d7b52995	CAMPI_3caf2811e800f1bad5773b2e27e55984291784468b7cd61164766516d7b52995	2	2	15647592.65206026
S01	CAMPI_3cf0f48f6e912954d5a28fe434a613243806d39cdcb4218d9a4fdcf10b70f0f8	CAMPI_3cf0f48f6e912954d5a28fe434a613243806d39cdcb4218d9a4fdcf10b70f0f8	5	5	288186784.23496443
S01	CAMPI_3dcb1be587d5ce74405e8c13262a9a5fdaeef75e763700fbd4f5d24c861422e7	CAMPI_3dcb1be587d5ce74405e8c13262a9a5fdaeef75e763700fbd4f5d24c861422e7	3	3	168671443.91404593
S01	CAMPI_3f67d39ae1e266c6322fd66ae88d69b265afa9203e262e9b9544dd9e032d4f03	CAMPI_3f67d39ae1e266c6322fd66ae88d69b265afa9203e262e9b9544dd9e032d4f03	1	1	39549548.80485493
S01	CAMPI_40544c6fee0f15b6fe78d6ab7e5e27d8080224fe28dc0d6ca6f2e9a790dd24d4	CAMPI_40544c6fee0f15b6fe78d6ab7e5e27d8080224fe28dc0d6ca6f2e9a790dd24d4	4	4	203314722.66918597
S01	CAMPI_41048110ca53f91e8494c24a668dce1e6fa9c0731860937055e97507b7553211	CAMPI_41048110ca53f91e8494c24a668dce1e6fa9c0731860937055e97507b7553211	1	1	10758087.71541175
S01	CAMPI_427a9c2476c475ddd52e2c34117aff61006a9c1cc1efc2ed5e001064977b44c4	CAMPI_427a9c2476c475ddd52e2c34117aff61006a9c1cc1efc2ed5e001064977b44c4	3	3	71676115.5646403
S01	CAMPI_435df44e583618d0d8b4950cb96872cf07b5077b28d602e9dd5ebbee225985a1	CAMPI_435df44e583618d0d8b4950cb96872cf07b5077b28d602e9dd5ebbee225985a1	2	2	128748181.88839267
S01	CAMPI_4365414a9b1621aa3022c5c886d8f52458f4af4963dafcac75656de12ad53f49	CAMPI_4365414a9b1621aa3022c5c886d8f52458f4af4963dafcac75656de12ad53f49	3	3	161420806.5888346
S01	CAMPI_440483625471f3796a8bfabff0639a7b4c61e0ac4426a4ebf227b06dbc7a5f26	CAMPI_440483625471f3796a8bfabff0639a7b4c61e0ac4426a4ebf227b06dbc7a5f26	1	1	8304199.321559199
S01	CAMPI_445b164897306dd2d91aff99282050bd737e15e17fcb2a3d3a8dd00534b15aa3	CAMPI_445b164897306dd2d91aff99282050bd737e15e17fcb2a3d3a8dd00534b15aa3	1	1	8578245.828167526
S01	CAMPI_447450d0dff59c1a7a66c9eaae58aca4bb09c29ec91399155f25a885fe9ce59c	CAMPI_447450d0dff59c1a7a66c9eaae58aca4bb09c29ec91399155f25a885fe9ce59c	1	1	5667718.260060903
S01	CAMPI_44a88404561285b1e980ec0946c2a4a8e89317cf90192e190be6d27660dca4ca	CAMPI_44a88404561285b1e980ec0946c2a4a8e89317cf90192e190be6d27660dca4ca	4	4	393236936.34177136
S01	CAMPI_450657570244d009ea2aac4cec09ac0b7fe9c4ddb3cf66135a3355aa689fbcb6	CAMPI_450657570244d009ea2aac4cec09ac0b7fe9c4ddb3cf66135a3355aa689fbcb6	2	2	9806396.094877435
S01	CAMPI_47e1eb191e01640fcd5ffb59c5ffbebdb38ac1de239e5518a77de73698100c6b	CAMPI_47e1eb191e01640fcd5ffb59c5ffbebdb38ac1de239e5518a77de73698100c6b	1	1	5098636.928827962
S01	CAMPI_489057f8fd80dd12866b0ca9d74ce49d05ef9635b866975e786b4db0838fb06d	CAMPI_489057f8fd80dd12866b0ca9d74ce49d05ef9635b866975e786b4db0838fb06d	2	2	13329132.84205151
S01	CAMPI_48d6cb57974b936f0c5b18518183953cbe28db4c4829a5b0a9403dbf49b3f584	CAMPI_48d6cb57974b936f0c5b18518183953cbe28db4c4829a5b0a9403dbf49b3f584	1	1	25231193.782271035
S01	CAMPI_4901c7d517cca3efd0891ba501ca0d4c22b3f770b06f1e87e6b87261482932db	CAMPI_4901c7d517cca3efd0891ba501ca0d4c22b3f770b06f1e87e6b87261482932db	1	1	65060114.73074022
S01	CAMPI_492044cf6e7fc60939a0965c3da837459782f29562977079137d02eab005da08	CAMPI_492044cf6e7fc60939a0965c3da837459782f29562977079137d02eab005da08	1	1	52182002.08134885
S01	CAMPI_49a64e09d54650f6e7e764e4947d71357bc74e80519d8c3e49ded3fae53e92af	CAMPI_49a64e09d54650f6e7e764e4947d71357bc74e80519d8c3e49ded3fae53e92af	2	2	87497746.57750122
S01	CAMPI_4ad347bfe64cdc2c2d7c5572871bb4e5132039823dce386f7d5ea7506688f292	CAMPI_4ad347bfe64cdc2c2d7c5572871bb4e5132039823dce386f7d5ea7506688f292	1	1	14796912.266766744
S01	CAMPI_4ae5c49edac52a6a4c737effb520b824e0670811139a11c01a5b5597ef12a5d0	CAMPI_4ae5c49edac52a6a4c737effb520b824e0670811139a11c01a5b5597ef12a5d0	3	3	644486579.2582927
S01	CAMPI_4be0b1d2462a2711eb60b0c83cb0b56807aa36b0b8d6b37478584a58ac34eef7	CAMPI_4be0b1d2462a2711eb60b0c83cb0b56807aa36b0b8d6b37478584a58ac34eef7	1	1	67244540.86299317
S01	CAMPI_4da45de5146d8e58bff5fe847b0355ed37ff6faf43a87eaa53b73ec7697ba72c	CAMPI_4da45de5146d8e58bff5fe847b0355ed37ff6faf43a87eaa53b73ec7697ba72c	2	2	164410901.60949352
S01	CAMPI_4dced630955ee41b54d6c56deead68ce86f70362f9d8203120f08344a877689d	CAMPI_4dced630955ee41b54d6c56deead68ce86f70362f9d8203120f08344a877689d	1	1	65180793.3825388
S01	CAMPI_4de38af76fd489a7afd4a700bedbc17e2b81353092a7ea5d1856b279ca803614	CAMPI_4de38af76fd489a7afd4a700bedbc17e2b81353092a7ea5d1856b279ca803614	4	4	330544656.3510352
S01	CAMPI_4f37c9158f4918b4ceb059ba9fd4c5daa0b8f642337f0c153a3483d5147c16e8	CAMPI_4f37c9158f4918b4ceb059ba9fd4c5daa0b8f642337f0c153a3483d5147c16e8	1	1	60659252.4741083
S01	CAMPI_50367bdee76b1f15ce78dd86d4ad5b01814228fd677784713d0f3b4421a83dd6	CAMPI_50367bdee76b1f15ce78dd86d4ad5b01814228fd677784713d0f3b4421a83dd6	3	3	240468559.97643095
S01	CAMPI_52860e69360d3272e8db2c0974b936dae903f2bf837b354481bfa8da3934ae80	CAMPI_52860e69360d3272e8db2c0974b936dae903f2bf837b354481bfa8da3934ae80	7	7	1257722930.061153
S01	CAMPI_52a08548b8be1f842c6544b51012100c4f5cf8c306d1e4b31fc106e437ebc326	CAMPI_52a08548b8be1f842c6544b51012100c4f5cf8c306d1e4b31fc106e437ebc326	1	1	75902334.5334002
S01	CAMPI_54e9e6d365a09346aa9809433b501bd26ee0fff412ac22f5d3794b77685f9107	CAMPI_54e9e6d365a09346aa9809433b501bd26ee0fff412ac22f5d3794b77685f9107	2	2	155179422.11908704
S01	CAMPI_550684c5e55e410f72ec299400b4757fa9bde08645be5e37daddf2ac6e161c50	CAMPI_550684c5e55e410f72ec299400b4757fa9bde08645be5e37daddf2ac6e161c50	1	1	30371608.726991277
S01	CAMPI_550736ad1af58a5e23addf87ba59070cd1ce09930022d16688805a76dba9692d	CAMPI_550736ad1af58a5e23addf87ba59070cd1ce09930022d16688805a76dba9692d	1	1	125553473.82532632
S01	CAMPI_5664d8be66795b12a5bae94388d822e86e8b873de9e2d9ddbfc04a59c27ed6ce	CAMPI_5664d8be66795b12a5bae94388d822e86e8b873de9e2d9ddbfc04a59c27ed6ce	3	3	181378138.28951603
S01	CAMPI_587cdee4c4ddf7b999a278f84be13a9aa4ed6d8ce22604fe45d0bb15fa26c4d9	CAMPI_587cdee4c4ddf7b999a278f84be13a9aa4ed6d8ce22604fe45d0bb15fa26c4d9	1	1	32980562.504383832
S01	CAMPI_58ea60ac3f2ea70fb4977327954cf220bb42239b39a5752b2621e7c7d6a044b2	CAMPI_58ea60ac3f2ea70fb4977327954cf220bb42239b39a5752b2621e7c7d6a044b2	1	1	6072245.276571138
S01	CAMPI_5a11cce8bd5ef084d82026dbc3e0e336d1a5827cf9e366e3f1bb47d00cb4ec38	CAMPI_5a11cce8bd5ef084d82026dbc3e0e336d1a5827cf9e366e3f1bb47d00cb4ec38	3	3	38048777.74142519
S01	CAMPI_5a5f751b9dc3f44d0ca0c8df1e5b705d7293c511944a6e0fb02f316db3beec13	CAMPI_5a5f751b9dc3f44d0ca0c8df1e5b705d7293c511944a6e0fb02f316db3beec13	1	1	352700453.2609857
S01	CAMPI_5a5f751b9dc3f44d0ca0c8df1e5b705d7293c511944a6e0fb02f316db3beec13	CAMPI_c441c84224d4be45b80629c2a8a57b3eefbb8b205bc299e5c2b7d0d42c3545f8	1	1	3152522231.767076
S01	CAMPI_5a69cef7f22dd04eb942e746d36f129d6b14b9392b3533b5d9faa626390beccd	CAMPI_5a69cef7f22dd04eb942e746d36f129d6b14b9392b3533b5d9faa626390beccd	2	2	16578002.764500638
S01	CAMPI_5ae018957900259b515abb4b4c0714afa8407ecf589305bd85f32f703cb759e0	CAMPI_5ae018957900259b515abb4b4c0714afa8407ecf589305bd85f32f703cb759e0	2	2	1517532007.2084932
S01	CAMPI_5c6cbc841641b9a86c172e56233b786e275e207ac96c99c0e64555f473f1a3f6	CAMPI_5c6cbc841641b9a86c172e56233b786e275e207ac96c99c0e64555f473f1a3f6	1	1	50031585.61751775
S01	CAMPI_5cbf6ef5c6c51911fc333f8c43dcd23120e37b9fdc5203ded401cc02ca3a181b	CAMPI_5cbf6ef5c6c51911fc333f8c43dcd23120e37b9fdc5203ded401cc02ca3a181b	3	3	79120744.6332997
S01	CAMPI_5d0669004bbc39ab8a252b00899f511315c3e583cf411f958a77b4200692e7cb	CAMPI_5d0669004bbc39ab8a252b00899f511315c3e583cf411f958a77b4200692e7cb	2	2	34723544.49803113
S01	CAMPI_5d48f214912a5834ee2ad81c04a13d5e1f6cee700e36fa24b7a34cb40bed8fec	CAMPI_5d48f214912a5834ee2ad81c04a13d5e1f6cee700e36fa24b7a34cb40bed8fec	1	1	10782339.746633222
S01	CAMPI_5dee3b78e4f47d2f2250c740f8360a26a7185635f84370546e7091da51256240	CAMPI_5dee3b78e4f47d2f2250c740f8360a26a7185635f84370546e7091da51256240	2	2	35983824.08142011
S01	CAMPI_5eacaf21c95da0867b6d6779e51ee67139cb18e7fd7a9a27fea3587dc9e7e217	CAMPI_5eacaf21c95da0867b6d6779e51ee67139cb18e7fd7a9a27fea3587dc9e7e217	2	2	18106661.413746923
S01	CAMPI_5ebef3929cbc63751215d043784792f6df8532f17ac6b98f18ea6942ff199da7	CAMPI_5ebef3929cbc63751215d043784792f6df8532f17ac6b98f18ea6942ff199da7	2	2	41810387.13306054
S01	CAMPI_5ecfd71281d61caeea4220c72105cd5c828228bcba90cfd6adc96a7188e1383d	CAMPI_5ecfd71281d61caeea4220c72105cd5c828228bcba90cfd6adc96a7188e1383d	2	2	512141940.87788004
S01	CAMPI_5ecfe2d9ee91198c8f47c0f7854fb62dcc83494e53844279ad4e28c891c41616	CAMPI_5ecfe2d9ee91198c8f47c0f7854fb62dcc83494e53844279ad4e28c891c41616	1	1	96795338.4936404
S01	CAMPI_5f3369c6616e3fb2fb04fd51075edb6c2d99fdc84bc0187876c88558997af621	CAMPI_5f3369c6616e3fb2fb04fd51075edb6c2d99fdc84bc0187876c88558997af621	1	1	143393979.56911057
S01	CAMPI_5fa54c2286edd8dcdb22f509f2af0096eb1c24e7fe04fd75f38ef18ba45017d7	CAMPI_5fa54c2286edd8dcdb22f509f2af0096eb1c24e7fe04fd75f38ef18ba45017d7	1	1	54563274.227175176
S01	CAMPI_5fcf34444580d50641494c6b3c7a1bb945ff09d864fac723d88523a43461ecb5	CAMPI_5fcf34444580d50641494c6b3c7a1bb945ff09d864fac723d88523a43461ecb5	4	4	471350622.7348886
S01	CAMPI_606b1ff8b10a07008880e2446c26f2d41a5124e1c3446892bf625973503fab63	CAMPI_606b1ff8b10a07008880e2446c26f2d41a5124e1c3446892bf625973503fab63	1	1	32968210.141211048
S01	CAMPI_615055f071714139296bc6ed18dd86d6b07ee5775074ad065d60479c7108750d	CAMPI_615055f071714139296bc6ed18dd86d6b07ee5775074ad065d60479c7108750d	1	1	7234982.720245915
S01	CAMPI_61df7e6c058b427763a22334ba1db636aa0f5347e40b76bc40d74d0fba0e6f4c	CAMPI_61df7e6c058b427763a22334ba1db636aa0f5347e40b76bc40d74d0fba0e6f4c	1	1	9120154.346685557
S01	CAMPI_630cd92e4207164055095c5e8a43d948e874fb8a212b3071a89b90c150e7e609	CAMPI_630cd92e4207164055095c5e8a43d948e874fb8a212b3071a89b90c150e7e609	1	1	36023584.616650924
S01	CAMPI_63b017a2e9a0cfdc79d68ea6774609db62468fed03691bfe7a2fd8da7542a009	CAMPI_63b017a2e9a0cfdc79d68ea6774609db62468fed03691bfe7a2fd8da7542a009	2	2	89958636.70317145
S01	CAMPI_63d66af6c397d7c95ad86eb3e4d336364785c281fa6699be0e47e3ad5f448b73	CAMPI_63d66af6c397d7c95ad86eb3e4d336364785c281fa6699be0e47e3ad5f448b73	1	1	144263567.20701718
S01	CAMPI_64a19b7cebab22278a0e899f6f00bebea0ccfd17f6b6db34fa9ea05b34b4d7c6	CAMPI_64a19b7cebab22278a0e899f6f00bebea0ccfd17f6b6db34fa9ea05b34b4d7c6	1	1	3846973.24455414
S01	CAMPI_6599a29f34fd1fa9481faa595e3d214134acddff02bd815d0fd0c9164010e842	CAMPI_6599a29f34fd1fa9481faa595e3d214134acddff02bd815d0fd0c9164010e842	1	1	27702434.031406574
S01	CAMPI_66119f8e34716756f1c1c8e34b56ab2d6a637520ef5399037d117d8f5224fe3c	CAMPI_66119f8e34716756f1c1c8e34b56ab2d6a637520ef5399037d117d8f5224fe3c	1	1	13012437.365614044
S01	CAMPI_661e3da9454aab945fdf961973bacf8716852154e676e54eef5aab7e94f44ea6	CAMPI_661e3da9454aab945fdf961973bacf8716852154e676e54eef5aab7e94f44ea6	1	1	10151881.885825878
S01	CAMPI_66dbd31904c2b835aa073d90a9e7f6c009f747ba4592e5a972d8573708ea09a2	CAMPI_66dbd31904c2b835aa073d90a9e7f6c009f747ba4592e5a972d8573708ea09a2	1	1	394166.36662581697
S01	CAMPI_678026560546b71f3ad8294436dc8d6d17a34fe968320d98df480ec727c18de0	CAMPI_678026560546b71f3ad8294436dc8d6d17a34fe968320d98df480ec727c18de0	6	6	140682344.4031906
S01	CAMPI_678c888876b52f6eb84aa107760c4309749e18cd45dee2aa39f62031b9aca902	CAMPI_678c888876b52f6eb84aa107760c4309749e18cd45dee2aa39f62031b9aca902	1	1	2034351.9565233225
S01	CAMPI_696611347527f2bebb07c467081c08d56a13ae1be4e8bced1ed53f76af3e399d	CAMPI_696611347527f2bebb07c467081c08d56a13ae1be4e8bced1ed53f76af3e399d	1	1	13597928.617199263
S01	CAMPI_6a580efa8bfb827b8920e2cbada3fd66da9ca18154cceb4f719b10ee7fc58e66	CAMPI_6a580efa8bfb827b8920e2cbada3fd66da9ca18154cceb4f719b10ee7fc58e66	1	1	527950722.11856705
S01	CAMPI_6b257fe5f55240e2c4021f762ef3e239eba65dffc493310c11d8864d11a9af9b	CAMPI_6b257fe5f55240e2c4021f762ef3e239eba65dffc493310c11d8864d11a9af9b	2	2	53691726.64387701
S01	CAMPI_6b2c3c4ceb8bbacc6396ca7c3daaad802f96a62be89c0786e0c6775467b671b2	CAMPI_6b2c3c4ceb8bbacc6396ca7c3daaad802f96a62be89c0786e0c6775467b671b2	3	3	253423081.48486218
S01	CAMPI_6c0620125fafe91b24dc9df5b54ed3d077dcdab6288b737f7712d8858ac4fe78	CAMPI_6c0620125fafe91b24dc9df5b54ed3d077dcdab6288b737f7712d8858ac4fe78	1	1	11920781.678685607
S01	CAMPI_6d05d6ca2fdd178e29298442c7d4ff48036c0047c87d3a000af781149d01dd17	CAMPI_6d05d6ca2fdd178e29298442c7d4ff48036c0047c87d3a000af781149d01dd17	3	3	416618925.3506354
S01	CAMPI_6e145860d2e7e0b58293fd640e2321c945f01aef769226364df65daa2202e080	CAMPI_6e145860d2e7e0b58293fd640e2321c945f01aef769226364df65daa2202e080	3	3	30407969.966696963
S01	CAMPI_6f5f6314b40129b2ccc5cf9876ad8f2e757963ad2b4d3332bf37c39c36be2667	CAMPI_6f5f6314b40129b2ccc5cf9876ad8f2e757963ad2b4d3332bf37c39c36be2667	1	1	109715365.0469676
S01	CAMPI_6fa80ad4f82f1364de2e30bb677bd2a35cec785064e1b1fcfaea17c7d0ef80ae	CAMPI_6fa80ad4f82f1364de2e30bb677bd2a35cec785064e1b1fcfaea17c7d0ef80ae	1	1	61860171.886289515
S01	CAMPI_717b8ddb48995ea9852e1fe7cf4e9d1966881344904dce20cae5f576988e1077	CAMPI_717b8ddb48995ea9852e1fe7cf4e9d1966881344904dce20cae5f576988e1077	2	2	115938431.00180659
S01	CAMPI_71a7e0b8d89a7edb55d6b2478c2448aafd9c989cdcf04a636ea27054e0c81015	CAMPI_71a7e0b8d89a7edb55d6b2478c2448aafd9c989cdcf04a636ea27054e0c81015	1	1	60995567.77740911
S01	CAMPI_74ffaa4f792075eebac9e7c790a1e36b29b4c94db399c890688226daeb2bcb9c	CAMPI_74ffaa4f792075eebac9e7c790a1e36b29b4c94db399c890688226daeb2bcb9c	1	1	10357181.208475301
S01	CAMPI_750850f42b00ef9cbccd53525b9c41f916e135f5a8239556dc60b347489344b6	CAMPI_750850f42b00ef9cbccd53525b9c41f916e135f5a8239556dc60b347489344b6	1	1	54847485.603638716
S01	CAMPI_755c87a37d9fa3238abd5db0c25e44136a420125bdd86188e7fbb19571974e3c	CAMPI_755c87a37d9fa3238abd5db0c25e44136a420125bdd86188e7fbb19571974e3c	1	1	59498932.429702625
S01	CAMPI_76ca201a28ddf8a4a849ef4b622c171c09ade58d6e884ceebc44ef5e1ae3248b	CAMPI_76ca201a28ddf8a4a849ef4b622c171c09ade58d6e884ceebc44ef5e1ae3248b	1	1	4582002.65879768
S01	CAMPI_777d8761c2369259e5f7a72f4941274d5ce6c2f4bf378002436a4aadf516118b	CAMPI_777d8761c2369259e5f7a72f4941274d5ce6c2f4bf378002436a4aadf516118b	2	2	701194894.2765454
S01	CAMPI_7b1083b3d9937bde51f6760c52a9aa1e216da0668ea840cf21d40c4ba3dc0a8e	CAMPI_7b1083b3d9937bde51f6760c52a9aa1e216da0668ea840cf21d40c4ba3dc0a8e	1	1	19224141.549296144
S01	CAMPI_7b4586c243bb949bd5290db515893d27c38134e11db4c6fb0962f6d0bc75da08	CAMPI_7b4586c243bb949bd5290db515893d27c38134e11db4c6fb0962f6d0bc75da08	1	1	7746218.43720851
S01	CAMPI_7c3b8d7c41f810f59caf6176c72d81aca97a3b2f87b4a33eda268c782000a097	CAMPI_7c3b8d7c41f810f59caf6176c72d81aca97a3b2f87b4a33eda268c782000a097	1	1	184489186.76670673
S01	CAMPI_7cb1e4d122178b054c32ee50ef164d0d60b9618226ddad845bb280bf56dcb5a7	CAMPI_7cb1e4d122178b054c32ee50ef164d0d60b9618226ddad845bb280bf56dcb5a7	5	5	228896813.83125705
S01	CAMPI_7e2b006a5271fee3d99ebb924772f760defa6ae56e445178cf41a6816ae83f19	CAMPI_7e2b006a5271fee3d99ebb924772f760defa6ae56e445178cf41a6816ae83f19	1	1	18143293.093856603
S01	CAMPI_7e40167ba4a395401b8b0405c48ef00c84fb64aa054936c9159b65943d4a2bac	CAMPI_7e40167ba4a395401b8b0405c48ef00c84fb64aa054936c9159b65943d4a2bac	2	2	68353392.07509556
S01	CAMPI_7ea830f0a6514249c59c18cdc7adc67fded0ad438490c69292e9f4613d786a0f	CAMPI_7ea830f0a6514249c59c18cdc7adc67fded0ad438490c69292e9f4613d786a0f	2	2	160172532.39179352
S01	CAMPI_7ed2496b95c1bd171f646822a6cd1fcc5574cef0d740bcfe5528a228b81e5bf1	CAMPI_7ed2496b95c1bd171f646822a6cd1fcc5574cef0d740bcfe5528a228b81e5bf1	1	1	17462708.78265501
S01	CAMPI_7ee75b4a9a86c56cb6322179c2fee2ed3f7ba8da8f7d89d9c9513036ac1c6497	CAMPI_7ee75b4a9a86c56cb6322179c2fee2ed3f7ba8da8f7d89d9c9513036ac1c6497	1	1	55627926.75322153
S01	CAMPI_8201e0f8fcf42630a24d9a3f871ee8a8bf66bf82aac41f58e16ad9c867f6ac27	CAMPI_8201e0f8fcf42630a24d9a3f871ee8a8bf66bf82aac41f58e16ad9c867f6ac27	1	1	11064719.092824016
S01	CAMPI_823704d5021f8c118c05f1f01477f6b3c7b073cff40519893a0ba670aa0b1ea4	CAMPI_823704d5021f8c118c05f1f01477f6b3c7b073cff40519893a0ba670aa0b1ea4	1	1	2882596.97456285
S01	CAMPI_826d9620925c796b66f528e59c8bad1ea8cd17d76b7fc7c7e6c7bd7c4b665843	CAMPI_826d9620925c796b66f528e59c8bad1ea8cd17d76b7fc7c7e6c7bd7c4b665843	1	1	20845869.349931613
S01	CAMPI_827455a114db45f91930eace0d95b2e2b614bb6bec1241aab77bfaf9017fb528	CAMPI_827455a114db45f91930eace0d95b2e2b614bb6bec1241aab77bfaf9017fb528	2	2	19634390.218568265
S01	CAMPI_840a34ca5ccb74284520f0001a21de955bac82a37309b1b7ecb5cd6b6c69294a	CAMPI_840a34ca5ccb74284520f0001a21de955bac82a37309b1b7ecb5cd6b6c69294a	2	2	345798435.4062476
S01	CAMPI_84f66a8aec4e6d7ec18bdeccdf299197490c287490244300b183e0d89eb7ea9c	CAMPI_84f66a8aec4e6d7ec18bdeccdf299197490c287490244300b183e0d89eb7ea9c	2	2	165799404.4712688
S01	CAMPI_856b5201e2f688faec715fbf6e7fd8b1f3943571af087169dbada11391a365a7	CAMPI_856b5201e2f688faec715fbf6e7fd8b1f3943571af087169dbada11391a365a7	1	1	22353022.921807595
S01	CAMPI_866739b821dad26d292886dcd2d5cc63e2972905ec6d45121d31cfc4d8cda6f1	CAMPI_866739b821dad26d292886dcd2d5cc63e2972905ec6d45121d31cfc4d8cda6f1	3	3	217560992.34877586
S01	CAMPI_8705d933a7c632b988c611c49e614497dec018112f8793530be3d25454f71439	CAMPI_8705d933a7c632b988c611c49e614497dec018112f8793530be3d25454f71439	2	2	71109633.567175
S01	CAMPI_873ba2f6e00a9b1262ca2d2051a6094bec3b00dde09187198387671f53fe6f20	CAMPI_873ba2f6e00a9b1262ca2d2051a6094bec3b00dde09187198387671f53fe6f20	4	4	1347224873.815681
S01	CAMPI_879e92f6a383e8c6ddbe16c784eadf24e374476454feb86b9cf16ff700c25a37	CAMPI_879e92f6a383e8c6ddbe16c784eadf24e374476454feb86b9cf16ff700c25a37	3	3	66574834.11677861
S01	CAMPI_882e9c3dd451e40db5dcd1d63cb33adc48e7804d0e67ba477b947ae8a42de1f6	CAMPI_882e9c3dd451e40db5dcd1d63cb33adc48e7804d0e67ba477b947ae8a42de1f6	1	1	63653767.13268359
S01	CAMPI_885060078ff2bda2c54fc5f76cb8a5a834b57959ec2ffbf14e4d2cc4f6539ac2	CAMPI_885060078ff2bda2c54fc5f76cb8a5a834b57959ec2ffbf14e4d2cc4f6539ac2	2	2	22624076.077723585
S01	CAMPI_89f2dc6f14ad1f87039c6a9ea53eee4091960da1e0d3d9bffa35d8cfce667147	CAMPI_89f2dc6f14ad1f87039c6a9ea53eee4091960da1e0d3d9bffa35d8cfce667147	2	2	83361977.17271101
S01	CAMPI_8a07dda38060381f735a7faba509a27f650d654190a1f97d6ea197364db5495e	CAMPI_8a07dda38060381f735a7faba509a27f650d654190a1f97d6ea197364db5495e	1	1	14863883.426059375
S01	CAMPI_8ab7e22c762a2c81592c267b7de5f749d7dfd956907ef2b0db20d80083cf4310	CAMPI_8ab7e22c762a2c81592c267b7de5f749d7dfd956907ef2b0db20d80083cf4310	1	1	94565616.51673901
S01	CAMPI_8b2bda4037f3dc50552b60a4a393d19a693570df2b5580bb4bab7020d03778d0	CAMPI_8b2bda4037f3dc50552b60a4a393d19a693570df2b5580bb4bab7020d03778d0	1	1	89098935.36325061
S01	CAMPI_8b9961cc9da37de018df0b80a1b363618ea56e109ff83e0ff46c8a8d6bfb9019	CAMPI_8b9961cc9da37de018df0b80a1b363618ea56e109ff83e0ff46c8a8d6bfb9019	4	4	1492558521.235848
S01	CAMPI_8d50e56399582a65f73f3193a3f00454a5d9896402a6088a1e6b8a133620e818	CAMPI_8d50e56399582a65f73f3193a3f00454a5d9896402a6088a1e6b8a133620e818	2	2	120894387.55820866
S01	CAMPI_8dfb30b4cc7fc1e6f6e1c0c842d6a29748eea21a38b0a953c5c31d2b91bd49ff	CAMPI_8dfb30b4cc7fc1e6f6e1c0c842d6a29748eea21a38b0a953c5c31d2b91bd49ff	1	1	10897289.791996805
S01	CAMPI_8fa503b37012a9c4b81f3de74db8f7c745ccecbd8bb5ef5b69f3b4f51e89ded2	CAMPI_8fa503b37012a9c4b81f3de74db8f7c745ccecbd8bb5ef5b69f3b4f51e89ded2	1	1	46211997.8124608
S01	CAMPI_909db3ee5c06b16e93a325ace28953f8a911eea79003e979b1adca8c65aeb96d	CAMPI_909db3ee5c06b16e93a325ace28953f8a911eea79003e979b1adca8c65aeb96d	2	2	51222583.901016496
S01	CAMPI_914a8abad3ebc40cb0cd5ee55350834b4d5f8aa00e7dcb484f5d2511e3ca4a21	CAMPI_914a8abad3ebc40cb0cd5ee55350834b4d5f8aa00e7dcb484f5d2511e3ca4a21	1	1	86913437.16671239
S01	CAMPI_93c1fbcae852bc15a5534ac7d11083cbb61df5991d528e5750f53b9d51afc033	CAMPI_93c1fbcae852bc15a5534ac7d11083cbb61df5991d528e5750f53b9d51afc033	1	1	90948358.2878025
S01	CAMPI_9507bb300d0e8c78a6f9a33e38173eff60502faf9e839c63c48f403cd8872fe7	CAMPI_9507bb300d0e8c78a6f9a33e38173eff60502faf9e839c63c48f403cd8872fe7	2	2	1488620718.6610115
S01	CAMPI_96e38bab966f83b9d36b74e3f385a0b967ace755ec001dfb278529779765361a	CAMPI_96e38bab966f83b9d36b74e3f385a0b967ace755ec001dfb278529779765361a	1	1	31683709.981866132
S01	CAMPI_974bf023085d2bed2ca9099cff2fe40c8e370d0d457431bbc3734abfc032a6bf	CAMPI_974bf023085d2bed2ca9099cff2fe40c8e370d0d457431bbc3734abfc032a6bf	1	1	301747034.4200496
S01	CAMPI_974de55d62a1efd87cf7554e16de4da0e0827f2f2ea7afc59ccd18f156f7f6b6	CAMPI_974de55d62a1efd87cf7554e16de4da0e0827f2f2ea7afc59ccd18f156f7f6b6	1	1	99630990.91596761
S01	CAMPI_97b81d5cbe0cafe7ca665f20f367b00e08551187d280afee7a53c4d0af02c398	CAMPI_97b81d5cbe0cafe7ca665f20f367b00e08551187d280afee7a53c4d0af02c398	2	2	35997944.91966811
S01	CAMPI_98d3e7d52f0f00f79ef2d9a855fc6616eb4ca10c020223d93eb515b502f1210d	CAMPI_98d3e7d52f0f00f79ef2d9a855fc6616eb4ca10c020223d93eb515b502f1210d	1	1	10719709.031399492
S01	CAMPI_99662b50f2662eb6731df5d55620cf8defa57ae87c394657043266b415104b7b	CAMPI_99662b50f2662eb6731df5d55620cf8defa57ae87c394657043266b415104b7b	2	2	39146041.875623375
S01	CAMPI_9a5e958be6d10eb82e6523cfe7af152d7f5e853a6b460bef73ed7389f73ee654	CAMPI_9a5e958be6d10eb82e6523cfe7af152d7f5e853a6b460bef73ed7389f73ee654	1	1	25160786.557494536
S01	CAMPI_9ad0dcb772649c73af2a47f7766d6e450d13e4e299b6178a51b8e521ffee7238	CAMPI_9ad0dcb772649c73af2a47f7766d6e450d13e4e299b6178a51b8e521ffee7238	1	1	26632186.255042214
S01	CAMPI_9bb69513d86991ff62f3435ee0281d4c28fcf2b59ebd1e109b85d36f88369fe5	CAMPI_9bb69513d86991ff62f3435ee0281d4c28fcf2b59ebd1e109b85d36f88369fe5	1	1	8468757.055800237
S01	CAMPI_9bf80da47588e1f40ecfd708b432e3f81c470bc32313098c2cd66d3e9853925c	CAMPI_9bf80da47588e1f40ecfd708b432e3f81c470bc32313098c2cd66d3e9853925c	1	1	1574834976.0372505
S01	CAMPI_9cc6d6ae1d8930dbcd3e244ff6ab9d8e374198e8a533f64bc83c699473e81487	CAMPI_9cc6d6ae1d8930dbcd3e244ff6ab9d8e374198e8a533f64bc83c699473e81487	1	1	38322325.90755192
S01	CAMPI_9d61d8df13d57df52dce2835a4b4ec70f2c574a99c230d40a572369fa89ca1a8	CAMPI_9d61d8df13d57df52dce2835a4b4ec70f2c574a99c230d40a572369fa89ca1a8	1	1	24302479.829145208
S01	CAMPI_9eaec67346036de2c9a24447ad90c65dfc11747b4a344ddd7ccc4e3bd65e833e	CAMPI_9eaec67346036de2c9a24447ad90c65dfc11747b4a344ddd7ccc4e3bd65e833e	1	1	1968799.1370496477
S01	CAMPI_9f97b13e396de0372364554aa7ee0e583a37f1c089dd25744aa98f688840317a	CAMPI_9f97b13e396de0372364554aa7ee0e583a37f1c089dd25744aa98f688840317a	1	1	24916393.579237334
S01	CAMPI_a03ff877e06092d17ce47b10fd4a3b4c4ebe36e06de43edb3854a2b87343d2af	CAMPI_a03ff877e06092d17ce47b10fd4a3b4c4ebe36e06de43edb3854a2b87343d2af	1	1	41976179.03637837
S01	CAMPI_a06f6e1d7892e6c7b54052f5d415ea109153e636634693d57071d4881e04b121	CAMPI_a06f6e1d7892e6c7b54052f5d415ea109153e636634693d57071d4881e04b121	1	1	35460046.007287115
S01	CAMPI_a0a7e40bec6187f653966f74391f0d65ba8bc9b727b4a272bab4e2614cc3b856	CAMPI_a0a7e40bec6187f653966f74391f0d65ba8bc9b727b4a272bab4e2614cc3b856	3	3	265511341.8579061
S01	CAMPI_a131658876b864902264ffe6c74a25a17a9556f12ffff973cafc86a1929a8599	CAMPI_a131658876b864902264ffe6c74a25a17a9556f12ffff973cafc86a1929a8599	2	2	55039022.767245576
S01	CAMPI_a221f8cbbed1eab940d1b8d3ad3a5b46485c0e3919d5428dbcb791a8db5a2f41	CAMPI_a221f8cbbed1eab940d1b8d3ad3a5b46485c0e3919d5428dbcb791a8db5a2f41	1	1	27724645.969768524
S01	CAMPI_a23b3bc03b272db0c286206696f7ea2f2a9daa2c400e8b116234c57fdcf9f8b2	CAMPI_a23b3bc03b272db0c286206696f7ea2f2a9daa2c400e8b116234c57fdcf9f8b2	2	2	33121431.257854126
S01	CAMPI_a554b3e76d27f4b4b6f01ab359567692dcd49e741788dd3001443d6cbd87154f	CAMPI_a554b3e76d27f4b4b6f01ab359567692dcd49e741788dd3001443d6cbd87154f	1	1	141657893.12684837
S01	CAMPI_a6053f0d606ad43bb2eb0f7e135e64ab90b84a7593257b3f55df9bc3a4b32515	CAMPI_a6053f0d606ad43bb2eb0f7e135e64ab90b84a7593257b3f55df9bc3a4b32515	3	3	240331882.66834795
S01	CAMPI_a7a2447ddc81bde23aebcb6edc2c526efea7c6d3184baf77a24ce3a9cfe3b076	CAMPI_a7a2447ddc81bde23aebcb6edc2c526efea7c6d3184baf77a24ce3a9cfe3b076	1	1	193887232.267439
S01	CAMPI_a92cdaca0c80cede65b42cda50d9f61b8a5bfcbfa11c7b6f18659d1636fb2c5c	CAMPI_a92cdaca0c80cede65b42cda50d9f61b8a5bfcbfa11c7b6f18659d1636fb2c5c	1	1	131463318.90050845
S01	CAMPI_a9618c41b68f75e8e97cd88bdc30713a6155dcab1aad592f6085fea7a6f8a2b9	CAMPI_a9618c41b68f75e8e97cd88bdc30713a6155dcab1aad592f6085fea7a6f8a2b9	3	3	128342220.9566242
S01	CAMPI_aa7fb1d2cbc476cd1ced4f6157e8cf1cdc823d842804e64bc7f5362fcab74ed8	CAMPI_aa7fb1d2cbc476cd1ced4f6157e8cf1cdc823d842804e64bc7f5362fcab74ed8	2	2	27286470.79917126
S01	CAMPI_ab6c1c4144a8d52a0c11282c8bf46cbd564f6b91d16747a797d09b7108d497d0	CAMPI_ab6c1c4144a8d52a0c11282c8bf46cbd564f6b91d16747a797d09b7108d497d0	2	2	111230468.60139771
S01	CAMPI_aba940f4b363e74a9dbffe70ebbf7bdf6f4160b6b9ab05acd69fe1573f73c891	CAMPI_aba940f4b363e74a9dbffe70ebbf7bdf6f4160b6b9ab05acd69fe1573f73c891	1	1	28904077.45535845
S01	CAMPI_ac2c392dddf7daa09dca7fa2c4cee1088202352ce8a4c5d8bb7140d956ca7da0	CAMPI_ac2c392dddf7daa09dca7fa2c4cee1088202352ce8a4c5d8bb7140d956ca7da0	1	1	22338681.091734573
S01	CAMPI_ae81bb230064105607d4ddfad53785f8b5a4eb96ab62be30e3f0b31205759b38	CAMPI_ae81bb230064105607d4ddfad53785f8b5a4eb96ab62be30e3f0b31205759b38	1	1	27444969.225091137
S01	CAMPI_aee9fab70ac382ed2ee679af908749db6deb60e0efb9e7ae0e402a46ec940b2d	CAMPI_aee9fab70ac382ed2ee679af908749db6deb60e0efb9e7ae0e402a46ec940b2d	1	1	236680400.9212915
S01	CAMPI_af26e961ea75d85bebc3db3e5569faa45103280c43027a50b4174b28a88707cc	CAMPI_af26e961ea75d85bebc3db3e5569faa45103280c43027a50b4174b28a88707cc	1	1	71416249.5698869
S01	CAMPI_b1210b97943fefabcd91af2947d3e8801a3ef13decf51c6d84ed1919e6b90603	CAMPI_b1210b97943fefabcd91af2947d3e8801a3ef13decf51c6d84ed1919e6b90603	1	1	14844811.050059551
S01	CAMPI_b1f9ffb88edaf08114a7fe59d27d19b308284c35a185276a8263e00913278aa5	CAMPI_b1f9ffb88edaf08114a7fe59d27d19b308284c35a185276a8263e00913278aa5	5	5	113698698.65029117
S01	CAMPI_b230dcf0660cb8c1cd1652ea1e642ca6b1b257772ee4aeab50135b69d72d53d2	CAMPI_b230dcf0660cb8c1cd1652ea1e642ca6b1b257772ee4aeab50135b69d72d53d2	2	2	373377717.0608051
S01	CAMPI_b2feec17697beab005c489d357e6255b6fb487588978f76c954d40ff0148562e	CAMPI_b2feec17697beab005c489d357e6255b6fb487588978f76c954d40ff0148562e	1	1	22230579.911715712
S01	CAMPI_b50e440550ce44428252905370716a4298e07130aa4a57112a5fcb86cc7ed199	CAMPI_b50e440550ce44428252905370716a4298e07130aa4a57112a5fcb86cc7ed199	1	1	10505976.756213173
S01	CAMPI_b5910857234040795a36f8e5fa093485ca40e2c88efaa12681433f93c12f54da	CAMPI_b5910857234040795a36f8e5fa093485ca40e2c88efaa12681433f93c12f54da	2	2	77890693.06115861
S01	CAMPI_b5d121012d1ac962d847f23d62c40f7a2ebf1b5d843413eb20dd892f8baab5dc	CAMPI_b5d121012d1ac962d847f23d62c40f7a2ebf1b5d843413eb20dd892f8baab5dc	3	3	128837887.52506158
S01	CAMPI_b60fc4ca7c6fa639bae387c81b9347abc6f14e898ed3ca880f43117884b20e4a	CAMPI_b60fc4ca7c6fa639bae387c81b9347abc6f14e898ed3ca880f43117884b20e4a	4	6	572156796.971589
S01	CAMPI_b6b3c1b3136a3f49909a093187cc7fadcfa80a7b48a66ed801a10686ba9961d7	CAMPI_b6b3c1b3136a3f49909a093187cc7fadcfa80a7b48a66ed801a10686ba9961d7	1	1	45754830.15135748
S01	CAMPI_b6bdb392c4fd0a7436770243ad24941cb07e529d82971179eea50bfea25891e2	CAMPI_b6bdb392c4fd0a7436770243ad24941cb07e529d82971179eea50bfea25891e2	3	3	79266136.95190193
S01	CAMPI_b6e3bebba43205a65788d29d5467730c63e8c400cec86a986d21e107d4ae5c8e	CAMPI_b6e3bebba43205a65788d29d5467730c63e8c400cec86a986d21e107d4ae5c8e	2	2	29827145.345022626
S01	CAMPI_b791d3adfce588baac8e6043713d92a5718ed1bb150a6c3ecc9eaec86e27715e	CAMPI_b791d3adfce588baac8e6043713d92a5718ed1bb150a6c3ecc9eaec86e27715e	4	4	56260237.28330205
S01	CAMPI_b79778969f69d6616a787e58cae48cbd1106a527f65ac80a0542ec34d2dbf408	CAMPI_b79778969f69d6616a787e58cae48cbd1106a527f65ac80a0542ec34d2dbf408	3	3	80254667.89400336
S01	CAMPI_b7d14ff72c23fbe268018b7e2012704d95ca90e7da11ac6fea733bfa455a0f9b	CAMPI_b7d14ff72c23fbe268018b7e2012704d95ca90e7da11ac6fea733bfa455a0f9b	1	1	28975022.691962928
S01	CAMPI_b83c4f9bba40bb78b1ab1407e425da49ce2d58b096db5068bb91c00e8ac2ac04	CAMPI_b83c4f9bba40bb78b1ab1407e425da49ce2d58b096db5068bb91c00e8ac2ac04	1	1	343292297.3390107
S01	CAMPI_b8bbbe9b7e74c60f770b138b958222735df68e52ab06e8043228685b6834a947	CAMPI_b8bbbe9b7e74c60f770b138b958222735df68e52ab06e8043228685b6834a947	1	1	23665601.47751665
S01	CAMPI_b9298f8456a3be31b06cf2d6542b3b7bb625bbc63daa118e0084f6c68af507d2	CAMPI_b9298f8456a3be31b06cf2d6542b3b7bb625bbc63daa118e0084f6c68af507d2	1	1	33331982.94665798
S01	CAMPI_b98307b4a1948ef3752db1aa148c4b9803dd197d63d31426dfdb0eac83c3fe19	CAMPI_b98307b4a1948ef3752db1aa148c4b9803dd197d63d31426dfdb0eac83c3fe19	1	1	161031706.70692563
S01	CAMPI_ba306ff47f5de90d8d7d6adac029beeb9fdf36760d6e22bb495095cb89bea822	CAMPI_ba306ff47f5de90d8d7d6adac029beeb9fdf36760d6e22bb495095cb89bea822	2	2	132861674.07424566
S01	CAMPI_bb1edfe9c0c480377afbcdb595ea635eb835ffc3189dd04ee42c3774e031d63c	CAMPI_bb1edfe9c0c480377afbcdb595ea635eb835ffc3189dd04ee42c3774e031d63c	1	1	19388860.77124598
S01	CAMPI_bb9d3c674ac610f94cbe88ba22907cc50e5588bb589ef788e7ad224a2c9dcdd2	CAMPI_bb9d3c674ac610f94cbe88ba22907cc50e5588bb589ef788e7ad224a2c9dcdd2	1	1	52576240.9643827
S01	CAMPI_bbff7d7dc262be33b28650a91a1eb991db16e7c92bb1aab1b1785fc085ad434a	CAMPI_bbff7d7dc262be33b28650a91a1eb991db16e7c92bb1aab1b1785fc085ad434a	3	3	127768903.88842347
S01	CAMPI_bc49333500d3fa4a332bc50111b531c5de9011ea2e3b7d0322d7afe85f41da71	CAMPI_bc49333500d3fa4a332bc50111b531c5de9011ea2e3b7d0322d7afe85f41da71	1	1	21603876.949978504
S01	CAMPI_bc780d1affa177ececeec189fd2c86800d55d9e5d3c51b9d2d36e720fb942bae	CAMPI_bc780d1affa177ececeec189fd2c86800d55d9e5d3c51b9d2d36e720fb942bae	1	1	69202508.7380558
S01	CAMPI_bd4b18ca2ac863b63917b7004bca3b183025a99fd3d5f73b9a3e21def391cd54	CAMPI_bd4b18ca2ac863b63917b7004bca3b183025a99fd3d5f73b9a3e21def391cd54	1	1	15113776.452478044
S01	CAMPI_be3dfaf12466b2a02f164ba3c64a62a778d8a993de1a51d5bd2963fd935cc309	CAMPI_be3dfaf12466b2a02f164ba3c64a62a778d8a993de1a51d5bd2963fd935cc309	3	3	871944195.9062206
S01	CAMPI_beaa6e2f56d3ac717610e9af37aeb7e80fbd51ae60613a010533ce67b589a76c	CAMPI_beaa6e2f56d3ac717610e9af37aeb7e80fbd51ae60613a010533ce67b589a76c	1	1	37589807.617778316
S01	CAMPI_bff78aae0fc87ac7d587f2cc98987e46df9055226e7470b3cbb51fa6defbc03b	CAMPI_bff78aae0fc87ac7d587f2cc98987e46df9055226e7470b3cbb51fa6defbc03b	1	1	17951677.00220973
S01	CAMPI_c0ba3a99447f2e7a547a99a5b8af66ecf6740279619c2c1e571f89e65bbfcedb	CAMPI_c0ba3a99447f2e7a547a99a5b8af66ecf6740279619c2c1e571f89e65bbfcedb	1	1	40606684.02270344
S01	CAMPI_c199edab90a3c273db2cd2ce9ad861da8025a20dece9d035d21bc5c48aeb63e3	CAMPI_c199edab90a3c273db2cd2ce9ad861da8025a20dece9d035d21bc5c48aeb63e3	1	1	29731391.67502878
S01	CAMPI_c1d5ce2f9caea93bba71dec65b37438654104823be874159f72136b8ef3e41ed	CAMPI_c1d5ce2f9caea93bba71dec65b37438654104823be874159f72136b8ef3e41ed	1	1	17215280.080290455
S01	CAMPI_c238fb21a4f33182466b8a207c2f061c09c881db937107a91df672b92b4e0e67	CAMPI_c238fb21a4f33182466b8a207c2f061c09c881db937107a91df672b92b4e0e67	3	3	341502095.22578156
S01	CAMPI_c3bf7c24df30fe84c778f7b117b6e47fab482273e0f651372193b4c561091d00	CAMPI_c3bf7c24df30fe84c778f7b117b6e47fab482273e0f651372193b4c561091d00	1	1	45465104.48392428
S01	CAMPI_c441c84224d4be45b80629c2a8a57b3eefbb8b205bc299e5c2b7d0d42c3545f8	CAMPI_c441c84224d4be45b80629c2a8a57b3eefbb8b205bc299e5c2b7d0d42c3545f8	4	4	411964869.5752826
S01	CAMPI_c58755a59bdae0a97c0b08c725c775629975bd0872bcf0273d7e53e73f343840	CAMPI_c58755a59bdae0a97c0b08c725c775629975bd0872bcf0273d7e53e73f343840	3	3	36289098.39676768
S01	CAMPI_c828a771c75d577aedaf63794b7c951f1cbe2735be4332d759f691f25d9e5bf2	CAMPI_c828a771c75d577aedaf63794b7c951f1cbe2735be4332d759f691f25d9e5bf2	2	2	51790928.58701608
S01	CAMPI_c91fa04342edf5e435a50da1bc3cd08a43905b0fca4b108e5355190014b11dc0	CAMPI_c91fa04342edf5e435a50da1bc3cd08a43905b0fca4b108e5355190014b11dc0	2	2	169053188.55838543
S01	CAMPI_c94902245da3fa5b8c3049e9197652589b131b22e25c7b32e98b21de49c19b73	CAMPI_c94902245da3fa5b8c3049e9197652589b131b22e25c7b32e98b21de49c19b73	2	2	331132895.98885477
S01	CAMPI_cb8f6aa84238a015711e309d4e820a85290dda71edddc1df9df1130cd86f3597	CAMPI_cb8f6aa84238a015711e309d4e820a85290dda71edddc1df9df1130cd86f3597	1	1	48353606.90075475
S01	CAMPI_cd4fb2fff1379f850a9f7074cc59077633c1117e72723f4a0340e06d7fa78688	CAMPI_cd4fb2fff1379f850a9f7074cc59077633c1117e72723f4a0340e06d7fa78688	1	1	10292438.211735886
S01	CAMPI_cdc60ffeaf8da3b62d87c57762e3b0bccb443b86a57a64c4a480ac1310ba2565	CAMPI_cdc60ffeaf8da3b62d87c57762e3b0bccb443b86a57a64c4a480ac1310ba2565	1	1	35323072.2971121
S01	CAMPI_cdd5646e1bcc325aee99dfb9c81085a69f53dc19c3668cc7e21247fb28f3e634	CAMPI_cdd5646e1bcc325aee99dfb9c81085a69f53dc19c3668cc7e21247fb28f3e634	4	4	1222262860.5456436
S01	CAMPI_ce11e429e9e2aea980f6b9ead92505d03ad13ad68be536e62535990364ff7154	CAMPI_ce11e429e9e2aea980f6b9ead92505d03ad13ad68be536e62535990364ff7154	1	1	264900919.54481766
S01	CAMPI_ce3fd58b4c40588559bb369cbf55373fd19e48d222ae3ee85ad6aea2b3f93456	CAMPI_ce3fd58b4c40588559bb369cbf55373fd19e48d222ae3ee85ad6aea2b3f93456	1	1	9376023.137652414
S01	CAMPI_cedaf1d8878c594bc03603819c8ecf0e5e47698e34a4aaa604dff3b1fb91a613	CAMPI_cedaf1d8878c594bc03603819c8ecf0e5e47698e34a4aaa604dff3b1fb91a613	2	2	86559687.32651003
S01	CAMPI_cff8d6254b9bc4fbd119bf25022798ffaaf72e2c430b24194c0d79f588a786dd	CAMPI_cff8d6254b9bc4fbd119bf25022798ffaaf72e2c430b24194c0d79f588a786dd	1	1	388534236.27933466
S01	CAMPI_d10d6727b4c7829a9d09ee0eaaa0a25df45639b2d9592ae079b4b82dd2a23545	CAMPI_d10d6727b4c7829a9d09ee0eaaa0a25df45639b2d9592ae079b4b82dd2a23545	2	2	50852862.891560175
S01	CAMPI_d2514fffa7355a3e16cd7217acbc37ce6d6f86ee8610f13215826bc2d372b556	CAMPI_d2514fffa7355a3e16cd7217acbc37ce6d6f86ee8610f13215826bc2d372b556	3	3	31181918.013662353
S01	CAMPI_d309d7dfbe2d26c6d7908cee70deb0e44964ad7c4d3a8accb121f4c490e5b21e	CAMPI_d309d7dfbe2d26c6d7908cee70deb0e44964ad7c4d3a8accb121f4c490e5b21e	2	2	18388970.547878515
S01	CAMPI_d572eec2056782e8dc977598356ae030269fa383c92e8d3517f98707d67347aa	CAMPI_d572eec2056782e8dc977598356ae030269fa383c92e8d3517f98707d67347aa	1	1	123721784.42649095
S01	CAMPI_d7ab1034a1a77e3d0209d87d16d23974638f525fbcbff79af9e198fa600428a2	CAMPI_d7ab1034a1a77e3d0209d87d16d23974638f525fbcbff79af9e198fa600428a2	1	1	215785286.53247896
S01	CAMPI_d9649f513b0470cd7dbf20b704565a0abd2c913093355d19ecdbb9abb37fdb2f	CAMPI_d9649f513b0470cd7dbf20b704565a0abd2c913093355d19ecdbb9abb37fdb2f	2	2	196336416.4289216
S01	CAMPI_dac167c223c9fa9ae22b45c23255c8fc82224a83372de08f3f9ee715689b59b0	CAMPI_dac167c223c9fa9ae22b45c23255c8fc82224a83372de08f3f9ee715689b59b0	1	1	12063197.779841961
S01	CAMPI_dc1d534611ae0792b5551e2973dd842904988707b527cec3aa526c07fe109dc5	CAMPI_dc1d534611ae0792b5551e2973dd842904988707b527cec3aa526c07fe109dc5	2	2	290582120.6251915
S01	CAMPI_dc283d03dc2303156059851ec11b41052ada132f815e971c04692447e9babf52	CAMPI_dc283d03dc2303156059851ec11b41052ada132f815e971c04692447e9babf52	1	1	16676922.770413354
S01	CAMPI_dccd7d1438298b91bdbcb3e4a3e5736695824b8c969ddeb520013738ea22361f	CAMPI_dccd7d1438298b91bdbcb3e4a3e5736695824b8c969ddeb520013738ea22361f	1	1	33749959.05905821
S01	CAMPI_de1be229be4111adaa4eccabb9182fb4396087af5d52a656350991683eb129e6	CAMPI_de1be229be4111adaa4eccabb9182fb4396087af5d52a656350991683eb129e6	1	1	25392507.996146657
S01	CAMPI_de93086f95fbc59109a3a6c0a7e74193ed6aa75071b545f7d7cd2cb29982846a	CAMPI_de93086f95fbc59109a3a6c0a7e74193ed6aa75071b545f7d7cd2cb29982846a	1	1	1005371.9848991561
S01	CAMPI_decf561b5620046167d46fd1947ce613f638da45c08a64208fbab59d6ea7f291	CAMPI_decf561b5620046167d46fd1947ce613f638da45c08a64208fbab59d6ea7f291	2	2	31182162.545792744
S01	CAMPI_df12badccba4e475bafca2056b5a49309e8444799e194ae7449f2ef39d46cbc7	CAMPI_df12badccba4e475bafca2056b5a49309e8444799e194ae7449f2ef39d46cbc7	1	1	409693417.2034181
S01	CAMPI_df1de22acfe8ed8894d14e4bbede20d600e53e656e77cc045c599c2e6067333e	CAMPI_df1de22acfe8ed8894d14e4bbede20d600e53e656e77cc045c599c2e6067333e	1	1	315271140.8866277
S01	CAMPI_e02b28c5ae16e2db74ae7c190c4df0be105fc4a7cfcb8b40f4c52ead7ae5e3ce	CAMPI_e02b28c5ae16e2db74ae7c190c4df0be105fc4a7cfcb8b40f4c52ead7ae5e3ce	3	3	254287450.3929093
S01	CAMPI_e0e8f8b3e4f059716aed035a46aaee2a0ad2bf2b1f1fcc0bd2bba4c46ad41f4e	CAMPI_e0e8f8b3e4f059716aed035a46aaee2a0ad2bf2b1f1fcc0bd2bba4c46ad41f4e	1	1	29045214.45096893
S01	CAMPI_e27c5eee026593a607b3bc90005bb98504d8f32aeac59d9f6fc05e3670c94659	CAMPI_e27c5eee026593a607b3bc90005bb98504d8f32aeac59d9f6fc05e3670c94659	1	1	80942787.03068434
S01	CAMPI_e38ffc06489dba2c8238d36aaf667b1438580332ff9e885508a1bdf2ab2a1622	CAMPI_e38ffc06489dba2c8238d36aaf667b1438580332ff9e885508a1bdf2ab2a1622	2	2	323137478.875653
S01	CAMPI_e477e2a596fa3185c3ca3fd3c4dcc86b65b12bba6842edd7f4a4a3b907b6a8ad	CAMPI_e477e2a596fa3185c3ca3fd3c4dcc86b65b12bba6842edd7f4a4a3b907b6a8ad	2	2	244572698.44183487
S01	CAMPI_e518c727bbbcd6213bf6760c3ff629b5c4546bd0a5d3ba042731fd1430aee51f	CAMPI_e518c727bbbcd6213bf6760c3ff629b5c4546bd0a5d3ba042731fd1430aee51f	1	1	21387140.36828558
S01	CAMPI_e59106c94bda50d07944fa0acdf14501cb65c9baa9862f362c1c67f566cc82e1	CAMPI_e59106c94bda50d07944fa0acdf14501cb65c9baa9862f362c1c67f566cc82e1	2	2	113934577.58053355
S01	CAMPI_e911bd48baf54c117d307fca11654645c844f22019e14451de36bb562565a695	CAMPI_e911bd48baf54c117d307fca11654645c844f22019e14451de36bb562565a695	2	2	9822201.46676001
S01	CAMPI_e91279109b0384d17be9a06da58bc1f3e751279f19bce0bb6e4e54a3b5d93711	CAMPI_e91279109b0384d17be9a06da58bc1f3e751279f19bce0bb6e4e54a3b5d93711	1	1	4366814.516420171
S01	CAMPI_e9c6c62f092468c3e8f5ccc5a53649a42ad3173a288cd7cb41ce6bd161f18b92	CAMPI_e9c6c62f092468c3e8f5ccc5a53649a42ad3173a288cd7cb41ce6bd161f18b92	1	1	138984552.22076136
S01	CAMPI_e9f3c6b91c0a55d89a08c35bdc31b772e96b8bce08437bc0f0fd02a52c8fe2ed	CAMPI_e9f3c6b91c0a55d89a08c35bdc31b772e96b8bce08437bc0f0fd02a52c8fe2ed	2	2	273629628.92411554
S01	CAMPI_eaef8d60354fb3e3f8b260e4dbdc8dd25269aa38260e8aa095bd6c3d990a1024	CAMPI_eaef8d60354fb3e3f8b260e4dbdc8dd25269aa38260e8aa095bd6c3d990a1024	2	2	56412030.93619322
S01	CAMPI_eb0d7c59015cb1ca506487edb85ff2bc4ae2ad0633d7ac78b80bb3ad6afe235b	CAMPI_eb0d7c59015cb1ca506487edb85ff2bc4ae2ad0633d7ac78b80bb3ad6afe235b	1	2	118370470.88447024
S01	CAMPI_ec0540dcc60a7d4105dfab79b4306bac01c3ecc60b1313baec8c87a42af40c79	CAMPI_ec0540dcc60a7d4105dfab79b4306bac01c3ecc60b1313baec8c87a42af40c79	2	2	148169601.35528746
S01	CAMPI_edfaea85a2b3ba667a0780cc4d7d7eef7a9239664adfd31ba38391a8fc36b3a8	CAMPI_edfaea85a2b3ba667a0780cc4d7d7eef7a9239664adfd31ba38391a8fc36b3a8	1	1	39273818.33819851
S01	CAMPI_f036355a96936f02f434c6f4ff9da3a729559089951562f26fa27c54f8b6b189	CAMPI_f036355a96936f02f434c6f4ff9da3a729559089951562f26fa27c54f8b6b189	1	1	68942497.35802202
S01	CAMPI_f03bcf7453124482b291790db9499ed69d1b82946134b28e8a076af54dd6942a	CAMPI_f03bcf7453124482b291790db9499ed69d1b82946134b28e8a076af54dd6942a	2	2	207510606.42169666
S01	CAMPI_f06a871e9a4b0e0a0a404addefc64f90eebf4d49dec58b8ee881241c9953a3d6	CAMPI_f06a871e9a4b0e0a0a404addefc64f90eebf4d49dec58b8ee881241c9953a3d6	1	1	6295348.334173513
S01	CAMPI_f14cda4f4942a994531b506f0193f9090114d1a9ca03d866f3becb7195acd7e8	CAMPI_f14cda4f4942a994531b506f0193f9090114d1a9ca03d866f3becb7195acd7e8	1	1	15276708.674578248
S01	CAMPI_f31fc220deb08d2413111e791932ac7abbd5a498a3d41b3a36e4a4204e34afbd	CAMPI_f31fc220deb08d2413111e791932ac7abbd5a498a3d41b3a36e4a4204e34afbd	1	1	160629274.20947608
S01	CAMPI_f3924db6e3676314ba5e9fcf1d3c85dac1f300bc32628d03b3119ba087a2ec39	CAMPI_f3924db6e3676314ba5e9fcf1d3c85dac1f300bc32628d03b3119ba087a2ec39	5	5	749015824.1653503
S01	CAMPI_f3e8f64773ff60e5193186dba9e4bf0d530a424a55a5b31c32c567c0bb6ca213	CAMPI_f3e8f64773ff60e5193186dba9e4bf0d530a424a55a5b31c32c567c0bb6ca213	3	3	179226000.04279444
S01	CAMPI_f4b083cc982b5988df135e0f0d072430e84808bfcf37bab31b57319ffd20fe8f	CAMPI_f4b083cc982b5988df135e0f0d072430e84808bfcf37bab31b57319ffd20fe8f	2	2	23427538.93703211
S01	CAMPI_f531c3c9b85f2f5b5095831567712ad39a34e4330a5f16108548793f0648a889	CAMPI_f531c3c9b85f2f5b5095831567712ad39a34e4330a5f16108548793f0648a889	1	1	33608100.64466979
S01	CAMPI_f6e3ca9f981a446b435c7afb534f2056d882fbf540bd36893384bb17e8b1ad3b	CAMPI_f6e3ca9f981a446b435c7afb534f2056d882fbf540bd36893384bb17e8b1ad3b	5	5	1401465001.3896487
S01	CAMPI_f76d25b413d63c0bc04486603a4bf1c17a8f524943997e0884cee17f3c30c139	CAMPI_f76d25b413d63c0bc04486603a4bf1c17a8f524943997e0884cee17f3c30c139	1	1	62841182.16071673
S01	CAMPI_f835ca8899e5e8fe1ead1fa5374989e9dfb88757778faf8a3f85d1122052a738	CAMPI_f835ca8899e5e8fe1ead1fa5374989e9dfb88757778faf8a3f85d1122052a738	1	1	23972502.718707427
S01	CAMPI_f8393d52805602627c5e53d061fc2d6c3a5c4b0f3c5b69ac0580182486b417b7	CAMPI_f8393d52805602627c5e53d061fc2d6c3a5c4b0f3c5b69ac0580182486b417b7	2	2	17860735.80484391
S01	CAMPI_f87a8eec0c5e5fa5decef6c9b4e97933734fdfa630eb413c94d1e2138e0cb947	CAMPI_f87a8eec0c5e5fa5decef6c9b4e97933734fdfa630eb413c94d1e2138e0cb947	1	1	58265688.07560575
S01	CAMPI_f8c0db4ad3cdde84535c56026878fb46f84476783da941fd9735ce70152c401d	CAMPI_f8c0db4ad3cdde84535c56026878fb46f84476783da941fd9735ce70152c401d	1	1	543630726.902453
S01	CAMPI_f999f0c563e483e0587acec5bf885666112aab14daf5afe785923152fac04fcd	CAMPI_f999f0c563e483e0587acec5bf885666112aab14daf5afe785923152fac04fcd	1	1	25494707.211633403
S01	CAMPI_fa65cfd1858c5098170b3b2f8b8687079440420b500c3750b71dc68a1b04f849	CAMPI_fa65cfd1858c5098170b3b2f8b8687079440420b500c3750b71dc68a1b04f849	1	1	36645794.84776505
S01	CAMPI_fae89b79e1171706c094b7523853bcb15bba80478de33c5ef313723d15600377	CAMPI_fae89b79e1171706c094b7523853bcb15bba80478de33c5ef313723d15600377	1	1	73107061.31411213
S01	CAMPI_fb140e546ee08766dd72d84ae2a08e5bba42a81d17811902e970f241aaf37523	CAMPI_fb140e546ee08766dd72d84ae2a08e5bba42a81d17811902e970f241aaf37523	2	2	141233296.69386637
S01	CAMPI_fb5155b582fc0d5065a0ce046b1fb6f075e86919e9e7248e4f4e7d373af29ca1	CAMPI_fb5155b582fc0d5065a0ce046b1fb6f075e86919e9e7248e4f4e7d373af29ca1	1	1	9655446.727945944
S01	CAMPI_fb7422179a21a204045db72cee8ae949774dad2667837541282705f2f2b73707	CAMPI_fb7422179a21a204045db72cee8ae949774dad2667837541282705f2f2b73707	1	1	28628663.883990847
S01	CAMPI_fcca645e48c9b8b1aaab6c07f3d30b43a909808784e0915f5933e620b74ee5bb	CAMPI_fcca645e48c9b8b1aaab6c07f3d30b43a909808784e0915f5933e620b74ee5bb	2	2	49978871.855643116
S01	CAMPI_feba6c16b200a9a2a06e293e7da5aca9d131f7ac14b9a26d06411005091638a8	CAMPI_feba6c16b200a9a2a06e293e7da5aca9d131f7ac14b9a26d06411005091638a8	2	2	53936729.82244245
S01	CAMPI_ff41610fb76a0aab5b43a9949360e44a1bd6060cd4375757b50de3933f753d12	CAMPI_ff41610fb76a0aab5b43a9949360e44a1bd6060cd4375757b50de3933f753d12	3	3	252678965.49415046
S01	CAMPI_fff60ab1595e3d1bb509445a37ca40cc5e287f711737c0fe0fcba4b71e5b77d0	CAMPI_fff60ab1595e3d1bb509445a37ca40cc5e287f711737c0fe0fcba4b71e5b77d0	1	1	144889853.535872
S02	CAMPI_001f1586f7defaa3805fcb4cf73f6597963087434516ee2a929e82712d60ac1e	CAMPI_001f1586f7defaa3805fcb4cf73f6597963087434516ee2a929e82712d60ac1e	1	1	15078509.465747602
S02	CAMPI_00f691a1ddfb282c25ecce5c1a24902aeae3c7941ac54e327a1eeb4df0ada5f8	CAMPI_00f691a1ddfb282c25ecce5c1a24902aeae3c7941ac54e327a1eeb4df0ada5f8	1	1	3431290.892048237
S02	CAMPI_0335e2f9610cbbc8189b4aa9c3698f91ee53fe6fe594f78b52df78a210e8b737	CAMPI_0335e2f9610cbbc8189b4aa9c3698f91ee53fe6fe594f78b52df78a210e8b737	2	2	75841898.71185514
S02	CAMPI_03a8306f407caca0a603f113cea8d08d8cabfa26221b1e5c49d0927dd474be54	CAMPI_03a8306f407caca0a603f113cea8d08d8cabfa26221b1e5c49d0927dd474be54	1	1	86402992.83049858
S02	CAMPI_043bb40d081e6d615f21fb8938c8b15f1bc988eeaa84f86378601cb0b21297ec	CAMPI_043bb40d081e6d615f21fb8938c8b15f1bc988eeaa84f86378601cb0b21297ec	1	1	14078303.729362356
S02	CAMPI_045388a0f24ed7e2967b8aaee9f610946b384179cb7b94576c85097e8d2b49b5	CAMPI_045388a0f24ed7e2967b8aaee9f610946b384179cb7b94576c85097e8d2b49b5	1	1	28647131.149837
S02	CAMPI_048dceff0b379259fbd55f5e7fc5970ae7a5a4cf3a4bb29a92d809debb78f4bb	CAMPI_048dceff0b379259fbd55f5e7fc5970ae7a5a4cf3a4bb29a92d809debb78f4bb	1	1	11880750.782027928
S02	CAMPI_04f68343fba4f60257b97602fe7c169b41599e2b77e716a23f2d69455a697ca8	CAMPI_04f68343fba4f60257b97602fe7c169b41599e2b77e716a23f2d69455a697ca8	1	1	83982443.35508929
S02	CAMPI_05cd4d1acba0d5d9ba1d047cfe5b9f7331c35c487633dda34520abbea0bd331c	CAMPI_05cd4d1acba0d5d9ba1d047cfe5b9f7331c35c487633dda34520abbea0bd331c	4	4	444280833.2116256
S02	CAMPI_0630e92a5c4e2727ea0e1e7d6c9c4d3e9fb41bf86baf0bbe3b84d2fe098ddd8c	CAMPI_0630e92a5c4e2727ea0e1e7d6c9c4d3e9fb41bf86baf0bbe3b84d2fe098ddd8c	1	1	259723552.67274886
S02	CAMPI_06cfcc71bc10f9dac4eb1ccb5f5246d9b767ffeb0e5444061bef9af3f502d41a	CAMPI_06cfcc71bc10f9dac4eb1ccb5f5246d9b767ffeb0e5444061bef9af3f502d41a	1	1	428217528.03071165
S02	CAMPI_07db6d25a0818f9563a1d6be7d0dbbd75a6c4a1b453282c590b50149fb473dbd	CAMPI_07db6d25a0818f9563a1d6be7d0dbbd75a6c4a1b453282c590b50149fb473dbd	1	1	16534920.403446088
S02	CAMPI_0830a1c300e272bcf7470e5222c33c5e18ad093fdff69a172c3dff652f73f245	CAMPI_0830a1c300e272bcf7470e5222c33c5e18ad093fdff69a172c3dff652f73f245	1	1	44168724.289539255
S02	CAMPI_0af0cf95b995040625b6f23c5b4fe2c37f9a64acd063b56b972488def48608d0	CAMPI_0af0cf95b995040625b6f23c5b4fe2c37f9a64acd063b56b972488def48608d0	1	1	8396679.0476982
S02	CAMPI_0b48c2165f765300ce294d8b3d4d71569169eb7ef8fff753b38e6c78eb672ef3	CAMPI_0b48c2165f765300ce294d8b3d4d71569169eb7ef8fff753b38e6c78eb672ef3	2	2	40964828.17254994
S02	CAMPI_0b4aeb7d27f17441a2831411b24de008f566e1ab217aaf5e76283bb1a540873e	CAMPI_0b4aeb7d27f17441a2831411b24de008f566e1ab217aaf5e76283bb1a540873e	1	1	33919943.5657285
S02	CAMPI_0c0b48b64abe995b61465006f4eebcd53ab7b389a839bd2ec366f771700931e1	CAMPI_0c0b48b64abe995b61465006f4eebcd53ab7b389a839bd2ec366f771700931e1	2	2	86464443.18701416
S02	CAMPI_0d918d4b4cf280da1e72a1220d93706e56f81c12eba97345b02a8c08a04d06a1	CAMPI_0d918d4b4cf280da1e72a1220d93706e56f81c12eba97345b02a8c08a04d06a1	2	2	29139698.471068542
S02	CAMPI_0e04933e148439fec78a104b8d9a8957db976cba2e42a51eff3b3b5631815c16	CAMPI_0e04933e148439fec78a104b8d9a8957db976cba2e42a51eff3b3b5631815c16	3	3	184262646.99894518
S02	CAMPI_0ea3213335ad04833460097e3aa00b47636e18e355742695d309c3728474eed0	CAMPI_0ea3213335ad04833460097e3aa00b47636e18e355742695d309c3728474eed0	1	1	188165677.6193749
S02	CAMPI_0fd55ac9d9b1c68c11586a42b2796981d23b4c389bf62b6dee651bbd3acf3389	CAMPI_0fd55ac9d9b1c68c11586a42b2796981d23b4c389bf62b6dee651bbd3acf3389	1	1	47762109.45749588
S02	CAMPI_100b0884d88de85b098f44a6833930cd33f7573bf75d925df16714c3434da617	CAMPI_100b0884d88de85b098f44a6833930cd33f7573bf75d925df16714c3434da617	2	2	75556112.4164041
S02	CAMPI_1010d68bb061542a68a43996b5558d29741402e2784ffdb4cef5cf6f6ce62be3	CAMPI_1010d68bb061542a68a43996b5558d29741402e2784ffdb4cef5cf6f6ce62be3	1	1	19612250.69353021
S02	CAMPI_12bf9dfe3280bf4840a5676db9a2f3e4864b54896b9c22fc83c3aa77fe4ee482	CAMPI_12bf9dfe3280bf4840a5676db9a2f3e4864b54896b9c22fc83c3aa77fe4ee482	1	1	4286137.852683911
S02	CAMPI_16e13454015846560d4394532151ecb8a20b6e4904231aeb0fd7bc499d64be91	CAMPI_16e13454015846560d4394532151ecb8a20b6e4904231aeb0fd7bc499d64be91	2	2	116575171.40425315
S02	CAMPI_16e6c31f167d891e44c4d0f3a118dab6f6962cfc691a983826c7b10e32f75af2	CAMPI_16e6c31f167d891e44c4d0f3a118dab6f6962cfc691a983826c7b10e32f75af2	4	4	247789372.63785022
S02	CAMPI_16ec7fe316b96749951265b82f8d1ff93a8813cb9d85986845c2ec48d4e30708	CAMPI_16ec7fe316b96749951265b82f8d1ff93a8813cb9d85986845c2ec48d4e30708	1	1	13190345.89269833
S02	CAMPI_175793a5b7f2cadc6908ccb17c1eccd7bbf658cadb07fbafcb21d2226ec1f033	CAMPI_175793a5b7f2cadc6908ccb17c1eccd7bbf658cadb07fbafcb21d2226ec1f033	1	1	16364998.328168295
S02	CAMPI_179a7829937c41ec7b714dd4bc1790ac4f7b6d9e265df7803afcfdedb3585a11	CAMPI_179a7829937c41ec7b714dd4bc1790ac4f7b6d9e265df7803afcfdedb3585a11	2	2	418759580.5251325
S02	CAMPI_18e2e44aa0b7dc94793546b51fa5748b8876cac81827b6cc49f34a8451958176	CAMPI_18e2e44aa0b7dc94793546b51fa5748b8876cac81827b6cc49f34a8451958176	1	1	54203377.91226537
S02	CAMPI_18e2e44aa0b7dc94793546b51fa5748b8876cac81827b6cc49f34a8451958176	CAMPI_8b9961cc9da37de018df0b80a1b363618ea56e109ff83e0ff46c8a8d6bfb9019	1	1	609930348.994291
S02	CAMPI_1b8f7d79845397c552074c8d936d105bf13f4cd74a0073cd003783df5962341a	CAMPI_1b8f7d79845397c552074c8d936d105bf13f4cd74a0073cd003783df5962341a	3	3	661541392.212499
S02	CAMPI_1c3ac5e249ed68e42285d7f616ff97d175a0e3cd112a22318c1890edffb5196f	CAMPI_1c3ac5e249ed68e42285d7f616ff97d175a0e3cd112a22318c1890edffb5196f	2	2	90476328.15738878
S02	CAMPI_1d47cdc3ea431c876e16791cb795418ee29f48047fcd7db135e199177356b456	CAMPI_1d47cdc3ea431c876e16791cb795418ee29f48047fcd7db135e199177356b456	1	1	83347546.05996951
S02	CAMPI_1d5df9db69fb06c46d8b8bfeddb365289b7507b0a999f3e6475134a51d2136ad	CAMPI_1d5df9db69fb06c46d8b8bfeddb365289b7507b0a999f3e6475134a51d2136ad	4	4	1493354292.5641482
S02	CAMPI_1d9c3477b81ea39fc797b3b1f55f84e58db5b10e404ebf10ff37918eaefeba06	CAMPI_1d9c3477b81ea39fc797b3b1f55f84e58db5b10e404ebf10ff37918eaefeba06	1	1	12269629.476666218
S02	CAMPI_1ec2f348e244ffac242d8e083668e4e9355bf4ff7090abba51612331ad5c1a72	CAMPI_1ec2f348e244ffac242d8e083668e4e9355bf4ff7090abba51612331ad5c1a72	1	1	19002609.610661823
S02	CAMPI_20404d4ef97b34596ae6968813dbcaf74646bea1efbbf2ade5d99d11104611e0	CAMPI_20404d4ef97b34596ae6968813dbcaf74646bea1efbbf2ade5d99d11104611e0	1	1	33388921.518554464
S02	CAMPI_20ea7d2b7072afaed64e1025a7fb0440a8e0f8ad3ea0346df57645000e95606f	CAMPI_20ea7d2b7072afaed64e1025a7fb0440a8e0f8ad3ea0346df57645000e95606f	1	1	44790999.50626319
S02	CAMPI_2367acb13a0c9276550b2c96f4bebf4251672a60ce226f62d69ebf3d5c99efd6	CAMPI_2367acb13a0c9276550b2c96f4bebf4251672a60ce226f62d69ebf3d5c99efd6	1	1	268123057.80812144
S02	CAMPI_23cbd48aac2f955020774cc8edef037b3bbe3ceb30d9b2bb1172897b20ac28eb	CAMPI_23cbd48aac2f955020774cc8edef037b3bbe3ceb30d9b2bb1172897b20ac28eb	1	1	15717860.46949965
S02	CAMPI_2413d1d9dfcfd3c90a744d6748905dd43850e9aa1ec3a89144ab359c702d6c46	CAMPI_2413d1d9dfcfd3c90a744d6748905dd43850e9aa1ec3a89144ab359c702d6c46	1	1	19820441.25257485
S02	CAMPI_260e2168d020c1a7ab2a0a14584ad2f0b5bf72548f6e9b9e83fdf4819e532b32	CAMPI_260e2168d020c1a7ab2a0a14584ad2f0b5bf72548f6e9b9e83fdf4819e532b32	1	1	454591025.03672546
S02	CAMPI_27369016b6a408150bc5b7fc6fb782d53aa2b6ee5dbf2c151de10b1a50454bc4	CAMPI_27369016b6a408150bc5b7fc6fb782d53aa2b6ee5dbf2c151de10b1a50454bc4	1	1	8304525.372169631
S02	CAMPI_28a7af2530ce4f2a4318205896bdcefcbc675aea00c20b738f4ba282c7bae5a9	CAMPI_28a7af2530ce4f2a4318205896bdcefcbc675aea00c20b738f4ba282c7bae5a9	1	1	196633219.6860915
S02	CAMPI_2c10b4268545258dd6ad45d601a9fcfa69f7019177ad1a07c52b18575e04745d	CAMPI_2c10b4268545258dd6ad45d601a9fcfa69f7019177ad1a07c52b18575e04745d	3	3	281771909.8970232
S02	CAMPI_2d4de2301dedbe186e3d6a965226acdbb6035caee1ed6b50c9b216c470932736	CAMPI_2d4de2301dedbe186e3d6a965226acdbb6035caee1ed6b50c9b216c470932736	3	3	167106556.92767903
S02	CAMPI_2f6ccc369781410c0dceaebd39fa87bfbb5557e63926938295ee6af71f430c0e	CAMPI_2f6ccc369781410c0dceaebd39fa87bfbb5557e63926938295ee6af71f430c0e	1	1	40891879.80557252
S02	CAMPI_30abf6a2fd19452bfb9e9fc08f0f0002b3f3956c295ea76c9066f2552b1297e1	CAMPI_30abf6a2fd19452bfb9e9fc08f0f0002b3f3956c295ea76c9066f2552b1297e1	1	1	32906690.490858763
S02	CAMPI_3171508d7402c561fa60ab21f4b6522f7227843da73b93a06e7366eba70dd6a1	CAMPI_3171508d7402c561fa60ab21f4b6522f7227843da73b93a06e7366eba70dd6a1	2	2	35646918.877815425
S02	CAMPI_3175ae76fed48f167caa3191bd5ad56e9e6e134cc720eb5fd72540fcb2089194	CAMPI_3175ae76fed48f167caa3191bd5ad56e9e6e134cc720eb5fd72540fcb2089194	2	2	110774354.45512904
S02	CAMPI_324d83807a0c3a5c5cfc947c95838cda2f0513d5b9110416d421651d399cbd5f	CAMPI_324d83807a0c3a5c5cfc947c95838cda2f0513d5b9110416d421651d399cbd5f	1	1	35609795.51676537
S02	CAMPI_3368fb57755157c21c14058ba3a084d9303b89c4e8cf1fb98d5f2511d3649623	CAMPI_3368fb57755157c21c14058ba3a084d9303b89c4e8cf1fb98d5f2511d3649623	1	1	120854016.14356476
S02	CAMPI_33c314188113ac35ac8da34857d1253ab6638ca25f05c680462057f4c1986f15	CAMPI_33c314188113ac35ac8da34857d1253ab6638ca25f05c680462057f4c1986f15	1	1	22590.435826364068
S02	CAMPI_347f5ef3f8238e623b88ef7b0f00fd37b9b3d536c0714f81b30c27e897b8aab3	CAMPI_347f5ef3f8238e623b88ef7b0f00fd37b9b3d536c0714f81b30c27e897b8aab3	3	3	27840736.097596332
S02	CAMPI_36e55c7a7288fe915a8ee8485fdc43d63824b123323ddc646e6b486237f21580	CAMPI_36e55c7a7288fe915a8ee8485fdc43d63824b123323ddc646e6b486237f21580	2	2	58767420.03536287
S02	CAMPI_377997b41f5cbbe420f5755df299f07ea1dbd633f18b1907b41f0e5701822010	CAMPI_377997b41f5cbbe420f5755df299f07ea1dbd633f18b1907b41f0e5701822010	1	1	541351794.8707752
S02	CAMPI_38db2d7a768efe2c68f5efa3b6a7176a5bccb5be9cd7cc597d3d7c39816cdfbe	CAMPI_38db2d7a768efe2c68f5efa3b6a7176a5bccb5be9cd7cc597d3d7c39816cdfbe	1	1	22004725.04387113
S02	CAMPI_3907c09bd9750e3ada937d1a2021d7108a1f9ba9fa87ef7c469eb5680f75daa0	CAMPI_3907c09bd9750e3ada937d1a2021d7108a1f9ba9fa87ef7c469eb5680f75daa0	1	1	175672936.61992675
S02	CAMPI_3aaee60a2c0539c0beeb39ea2a3d4644990e08ba06b7c9212ec2cc9a36c608d8	CAMPI_3aaee60a2c0539c0beeb39ea2a3d4644990e08ba06b7c9212ec2cc9a36c608d8	2	2	120185924.98561145
S02	CAMPI_3b6ecac4c769cbbc2555653747945e8d7abcd2a395d46511164374ed419b6ee8	CAMPI_3b6ecac4c769cbbc2555653747945e8d7abcd2a395d46511164374ed419b6ee8	2	2	95120904.47132131
S02	CAMPI_3cc18b326f1041e26dad1696663a0d29faac00d2ed95aae7d0f9ea1549a9cff5	CAMPI_3cc18b326f1041e26dad1696663a0d29faac00d2ed95aae7d0f9ea1549a9cff5	1	1	16360294.711328154
S02	CAMPI_3cf0f48f6e912954d5a28fe434a613243806d39cdcb4218d9a4fdcf10b70f0f8	CAMPI_3cf0f48f6e912954d5a28fe434a613243806d39cdcb4218d9a4fdcf10b70f0f8	1	1	51044621.147168726
S02	CAMPI_3f44bd61d974ad94a1f37c884842762171e1768b98cfd4986761cb82a6ee765c	CAMPI_3f44bd61d974ad94a1f37c884842762171e1768b98cfd4986761cb82a6ee765c	1	1	168613246.49526653
S02	CAMPI_3f46aacee3dca2ff302459e85d8df9d24e934b37ed73f67e8753db228dd547d4	CAMPI_3f46aacee3dca2ff302459e85d8df9d24e934b37ed73f67e8753db228dd547d4	1	1	20192424.14668163
S02	CAMPI_3f67d39ae1e266c6322fd66ae88d69b265afa9203e262e9b9544dd9e032d4f03	CAMPI_3f67d39ae1e266c6322fd66ae88d69b265afa9203e262e9b9544dd9e032d4f03	1	1	22355326.21534445
S02	CAMPI_4040fc8cca0c218ab4a57e717390a28db1d4cdd4c398fcf493823cb5f9565cbd	CAMPI_4040fc8cca0c218ab4a57e717390a28db1d4cdd4c398fcf493823cb5f9565cbd	2	2	28938865.529274836
S02	CAMPI_40bcdfe3ddbb6293cf4a567c839b99800451555315a71bfe0cd2cd3fa5fed80a	CAMPI_40bcdfe3ddbb6293cf4a567c839b99800451555315a71bfe0cd2cd3fa5fed80a	1	1	30115800.704798933
S02	CAMPI_41048110ca53f91e8494c24a668dce1e6fa9c0731860937055e97507b7553211	CAMPI_41048110ca53f91e8494c24a668dce1e6fa9c0731860937055e97507b7553211	1	1	10690009.956390958
S02	CAMPI_4232ae197ef9faca2861e0ff458d5eed47edf5fd969faa708aabacec7287d7bc	CAMPI_4232ae197ef9faca2861e0ff458d5eed47edf5fd969faa708aabacec7287d7bc	4	4	845318675.9163073
S02	CAMPI_427a9c2476c475ddd52e2c34117aff61006a9c1cc1efc2ed5e001064977b44c4	CAMPI_427a9c2476c475ddd52e2c34117aff61006a9c1cc1efc2ed5e001064977b44c4	2	2	31008658.5580365
S02	CAMPI_435df44e583618d0d8b4950cb96872cf07b5077b28d602e9dd5ebbee225985a1	CAMPI_435df44e583618d0d8b4950cb96872cf07b5077b28d602e9dd5ebbee225985a1	1	1	69948142.1918348
S02	CAMPI_4365414a9b1621aa3022c5c886d8f52458f4af4963dafcac75656de12ad53f49	CAMPI_4365414a9b1621aa3022c5c886d8f52458f4af4963dafcac75656de12ad53f49	3	3	141348322.91407704
S02	CAMPI_44470815469a7b78eb553f8546ee2cd3c6e545b0d3e6230aa0cf71355878db70	CAMPI_44470815469a7b78eb553f8546ee2cd3c6e545b0d3e6230aa0cf71355878db70	1	1	57025002.44136826
S02	CAMPI_44a88404561285b1e980ec0946c2a4a8e89317cf90192e190be6d27660dca4ca	CAMPI_44a88404561285b1e980ec0946c2a4a8e89317cf90192e190be6d27660dca4ca	1	1	232065346.2815422
S02	CAMPI_450657570244d009ea2aac4cec09ac0b7fe9c4ddb3cf66135a3355aa689fbcb6	CAMPI_450657570244d009ea2aac4cec09ac0b7fe9c4ddb3cf66135a3355aa689fbcb6	1	1	10105846.921933696
S02	CAMPI_45c38036394c2956d1c87b49a0e4196a914cb3a75f23edb29a19db1152dd28f8	CAMPI_45c38036394c2956d1c87b49a0e4196a914cb3a75f23edb29a19db1152dd28f8	1	1	13995907.795938402
S02	CAMPI_46dba9f864ef46b5e75ed4781c022028cbd1bb55aa0335a6ce01fdf96a119f51	CAMPI_46dba9f864ef46b5e75ed4781c022028cbd1bb55aa0335a6ce01fdf96a119f51	2	2	459603094.9090059
S02	CAMPI_48c973b0ca584ad7fcc10a2c5bdafc70d26cca940a3d15bc4005027321fc4128	CAMPI_48c973b0ca584ad7fcc10a2c5bdafc70d26cca940a3d15bc4005027321fc4128	1	1	10311972.472113926
S02	CAMPI_48f8767eb64942f823e109058c599290e1181f7548dd1f49ee740f70b89dc9fe	CAMPI_48f8767eb64942f823e109058c599290e1181f7548dd1f49ee740f70b89dc9fe	1	1	37206099.24747668
S02	CAMPI_49a64e09d54650f6e7e764e4947d71357bc74e80519d8c3e49ded3fae53e92af	CAMPI_49a64e09d54650f6e7e764e4947d71357bc74e80519d8c3e49ded3fae53e92af	2	2	164021975.68014413
S02	CAMPI_4ae5c49edac52a6a4c737effb520b824e0670811139a11c01a5b5597ef12a5d0	CAMPI_4ae5c49edac52a6a4c737effb520b824e0670811139a11c01a5b5597ef12a5d0	3	3	319561108.1722103
S02	CAMPI_4da45de5146d8e58bff5fe847b0355ed37ff6faf43a87eaa53b73ec7697ba72c	CAMPI_4da45de5146d8e58bff5fe847b0355ed37ff6faf43a87eaa53b73ec7697ba72c	3	3	149829282.59175354
S02	CAMPI_4f6247cc9e3aa860692f6c90a4e687befb279c556ea225050066556de678457f	CAMPI_4f6247cc9e3aa860692f6c90a4e687befb279c556ea225050066556de678457f	1	1	98739456.16422994
S02	CAMPI_5023a2fa66b15f6beb87d495d3a496c1cb0a99a9de312cad0e04bd830fcaddac	CAMPI_5023a2fa66b15f6beb87d495d3a496c1cb0a99a9de312cad0e04bd830fcaddac	3	3	121308664.32646373
S02	CAMPI_50367bdee76b1f15ce78dd86d4ad5b01814228fd677784713d0f3b4421a83dd6	CAMPI_50367bdee76b1f15ce78dd86d4ad5b01814228fd677784713d0f3b4421a83dd6	2	2	162813831.72458947
S02	CAMPI_509a47fbf54fa52d3bec9ff2d6285297fd93f12996f550af00d5a06a370bd569	CAMPI_509a47fbf54fa52d3bec9ff2d6285297fd93f12996f550af00d5a06a370bd569	3	3	81062465.09825787
S02	CAMPI_51676d72137de0111a9c0bbccb850a82e575d8af04870828cf0046c872f3bf73	CAMPI_51676d72137de0111a9c0bbccb850a82e575d8af04870828cf0046c872f3bf73	1	1	21465422.569789518
S02	CAMPI_5218271795e8bcda7e665d3dc1ddba64d6ad3c62dd1ab8f8cc146d3ea6fa75d4	CAMPI_5218271795e8bcda7e665d3dc1ddba64d6ad3c62dd1ab8f8cc146d3ea6fa75d4	1	1	34976728.352490254
S02	CAMPI_52860e69360d3272e8db2c0974b936dae903f2bf837b354481bfa8da3934ae80	CAMPI_52860e69360d3272e8db2c0974b936dae903f2bf837b354481bfa8da3934ae80	4	4	526763234.529708
S02	CAMPI_52bee042cc4fd24a298802a0da1f6b70254908971e698b6903e93395a7acd47b	CAMPI_52bee042cc4fd24a298802a0da1f6b70254908971e698b6903e93395a7acd47b	2	2	140094747.54202372
S02	CAMPI_550736ad1af58a5e23addf87ba59070cd1ce09930022d16688805a76dba9692d	CAMPI_550736ad1af58a5e23addf87ba59070cd1ce09930022d16688805a76dba9692d	1	1	63827995.538071275
S02	CAMPI_554f1790373f7fc4e3e4a36c91d5e7fb9ddba13690dba75053e6684469cc6a2a	CAMPI_554f1790373f7fc4e3e4a36c91d5e7fb9ddba13690dba75053e6684469cc6a2a	1	1	13091349.594323963
S02	CAMPI_55f961c09343ee1d99690b114ae3b16baff650d855e575645cf2017ae6caad11	CAMPI_55f961c09343ee1d99690b114ae3b16baff650d855e575645cf2017ae6caad11	2	2	244405131.65078023
S02	CAMPI_5664d8be66795b12a5bae94388d822e86e8b873de9e2d9ddbfc04a59c27ed6ce	CAMPI_5664d8be66795b12a5bae94388d822e86e8b873de9e2d9ddbfc04a59c27ed6ce	1	1	54638503.21676464
S02	CAMPI_56e829eb5085dfc9f46a6e40eb7a9cf8deb1034c6bc46db23fd59c0211c86a40	CAMPI_56e829eb5085dfc9f46a6e40eb7a9cf8deb1034c6bc46db23fd59c0211c86a40	1	1	2895136.369009034
S02	CAMPI_5a11cce8bd5ef084d82026dbc3e0e336d1a5827cf9e366e3f1bb47d00cb4ec38	CAMPI_5a11cce8bd5ef084d82026dbc3e0e336d1a5827cf9e366e3f1bb47d00cb4ec38	2	2	32529661.62255218
S02	CAMPI_5a69cef7f22dd04eb942e746d36f129d6b14b9392b3533b5d9faa626390beccd	CAMPI_5a69cef7f22dd04eb942e746d36f129d6b14b9392b3533b5d9faa626390beccd	1	1	38798152.467792414
S02	CAMPI_5ae018957900259b515abb4b4c0714afa8407ecf589305bd85f32f703cb759e0	CAMPI_5ae018957900259b515abb4b4c0714afa8407ecf589305bd85f32f703cb759e0	2	2	412175414.5360882
S02	CAMPI_5ae018957900259b515abb4b4c0714afa8407ecf589305bd85f32f703cb759e0	CAMPI_c441c84224d4be45b80629c2a8a57b3eefbb8b205bc299e5c2b7d0d42c3545f8	1	1	81471906.94374129
S02	CAMPI_5c063d98bb92d5de77ce4d68e4129795286e0e513d5009c780429c0152db69cd	CAMPI_5c063d98bb92d5de77ce4d68e4129795286e0e513d5009c780429c0152db69cd	1	1	45900614.033460215
S02	CAMPI_5c25db5ec3e2dc800fdb4b9bfffdfb479d599f96176ba2eb369e6e829d755f73	CAMPI_5c25db5ec3e2dc800fdb4b9bfffdfb479d599f96176ba2eb369e6e829d755f73	1	1	11529449.560228137
S02	CAMPI_5d0669004bbc39ab8a252b00899f511315c3e583cf411f958a77b4200692e7cb	CAMPI_5d0669004bbc39ab8a252b00899f511315c3e583cf411f958a77b4200692e7cb	1	1	65592114.75032356
S02	CAMPI_5d280f5aa56b7c3e2d5a76a0d442bdf73af482e87eadf6c709782cac2fada19e	CAMPI_5d280f5aa56b7c3e2d5a76a0d442bdf73af482e87eadf6c709782cac2fada19e	2	2	23440040.64686037
S02	CAMPI_5dee3b78e4f47d2f2250c740f8360a26a7185635f84370546e7091da51256240	CAMPI_5dee3b78e4f47d2f2250c740f8360a26a7185635f84370546e7091da51256240	3	3	72285232.42601477
S02	CAMPI_5f3369c6616e3fb2fb04fd51075edb6c2d99fdc84bc0187876c88558997af621	CAMPI_5f3369c6616e3fb2fb04fd51075edb6c2d99fdc84bc0187876c88558997af621	1	1	81869084.97230558
S02	CAMPI_5fcf34444580d50641494c6b3c7a1bb945ff09d864fac723d88523a43461ecb5	CAMPI_5fcf34444580d50641494c6b3c7a1bb945ff09d864fac723d88523a43461ecb5	1	1	235040554.52707362
S02	CAMPI_6179e5106bf16968d78f664ef4a3aa4f4e7ddc6983437a0ac435b5cd4c978c84	CAMPI_6179e5106bf16968d78f664ef4a3aa4f4e7ddc6983437a0ac435b5cd4c978c84	1	1	7693766.330262773
S02	CAMPI_61efdb0073de941d179f3dc727b6ffdd183b0b1410d1c8e58a42fb8d371b2023	CAMPI_61efdb0073de941d179f3dc727b6ffdd183b0b1410d1c8e58a42fb8d371b2023	1	1	41845038.95335608
S02	CAMPI_624d2dd102509367eae9f3e40d1bd0ecb7cc10699092dc4e36bb7055e9d277f0	CAMPI_624d2dd102509367eae9f3e40d1bd0ecb7cc10699092dc4e36bb7055e9d277f0	1	1	8000582.730825144
S02	CAMPI_630cd92e4207164055095c5e8a43d948e874fb8a212b3071a89b90c150e7e609	CAMPI_630cd92e4207164055095c5e8a43d948e874fb8a212b3071a89b90c150e7e609	2	2	73791494.50778766
S02	CAMPI_63b017a2e9a0cfdc79d68ea6774609db62468fed03691bfe7a2fd8da7542a009	CAMPI_63b017a2e9a0cfdc79d68ea6774609db62468fed03691bfe7a2fd8da7542a009	2	2	60387316.13879014
S02	CAMPI_678026560546b71f3ad8294436dc8d6d17a34fe968320d98df480ec727c18de0	CAMPI_678026560546b71f3ad8294436dc8d6d17a34fe968320d98df480ec727c18de0	4	4	60139705.74511114
S02	CAMPI_684a2161c6cfa278be0e0b063d87fa4691c3405169781180b523a0f7aba7f00a	CAMPI_684a2161c6cfa278be0e0b063d87fa4691c3405169781180b523a0f7aba7f00a	1	1	4373715.690989002
S02	CAMPI_699742efb2b38e660a04242423edde60800e366959487a345c8b771ffbdbe3a3	CAMPI_699742efb2b38e660a04242423edde60800e366959487a345c8b771ffbdbe3a3	1	1	16332222.47861437
S02	CAMPI_6b257fe5f55240e2c4021f762ef3e239eba65dffc493310c11d8864d11a9af9b	CAMPI_6b257fe5f55240e2c4021f762ef3e239eba65dffc493310c11d8864d11a9af9b	1	1	28002159.68480771
S02	CAMPI_6b2c3c4ceb8bbacc6396ca7c3daaad802f96a62be89c0786e0c6775467b671b2	CAMPI_6b2c3c4ceb8bbacc6396ca7c3daaad802f96a62be89c0786e0c6775467b671b2	2	2	77621029.15086678
S02	CAMPI_6d05d6ca2fdd178e29298442c7d4ff48036c0047c87d3a000af781149d01dd17	CAMPI_6d05d6ca2fdd178e29298442c7d4ff48036c0047c87d3a000af781149d01dd17	2	2	196309415.47989225
S02	CAMPI_6dbd702a3c6df08829a11b1f00b6516242e7e93c0a86dda1ca9f7cfa31c39bd3	CAMPI_6dbd702a3c6df08829a11b1f00b6516242e7e93c0a86dda1ca9f7cfa31c39bd3	1	1	17495930.399368986
S02	CAMPI_6f5f6314b40129b2ccc5cf9876ad8f2e757963ad2b4d3332bf37c39c36be2667	CAMPI_6f5f6314b40129b2ccc5cf9876ad8f2e757963ad2b4d3332bf37c39c36be2667	1	1	68953617.34191176
S02	CAMPI_6fd2c041965174f3e49f33dff6775375267d1a6d1b99e15398d9d5dbdfa6d2ec	CAMPI_6fd2c041965174f3e49f33dff6775375267d1a6d1b99e15398d9d5dbdfa6d2ec	1	1	13733263.481403999
S02	CAMPI_716c46297f39a350c09b023c3cacf7e54c3d332031312c8fa78d756e8327122e	CAMPI_716c46297f39a350c09b023c3cacf7e54c3d332031312c8fa78d756e8327122e	2	2	19671526.45833666
S02	CAMPI_717b8ddb48995ea9852e1fe7cf4e9d1966881344904dce20cae5f576988e1077	CAMPI_717b8ddb48995ea9852e1fe7cf4e9d1966881344904dce20cae5f576988e1077	4	4	303899830.14622974
S02	CAMPI_718a96b7413e71dd0b15b263c1907d150db2ddf9c1d094bf4882985662f2c49a	CAMPI_718a96b7413e71dd0b15b263c1907d150db2ddf9c1d094bf4882985662f2c49a	1	1	30775501.188808553
S02	CAMPI_71a7e0b8d89a7edb55d6b2478c2448aafd9c989cdcf04a636ea27054e0c81015	CAMPI_71a7e0b8d89a7edb55d6b2478c2448aafd9c989cdcf04a636ea27054e0c81015	1	1	34450585.297129855
S02	CAMPI_724511fc297bfadc125a55cc504bd405988ae3fc47401a28747804c9f8952b35	CAMPI_724511fc297bfadc125a55cc504bd405988ae3fc47401a28747804c9f8952b35	3	3	19317657.360574573
S02	CAMPI_724511fc297bfadc125a55cc504bd405988ae3fc47401a28747804c9f8952b35	CAMPI_7cb1e4d122178b054c32ee50ef164d0d60b9618226ddad845bb280bf56dcb5a7	1	1	137393545.05038986
S02	CAMPI_72a084af9d59fea0ec2ae237fd5d7ad3e77cba21949a1892e357fab778c4ee75	CAMPI_72a084af9d59fea0ec2ae237fd5d7ad3e77cba21949a1892e357fab778c4ee75	1	1	8956592.653917966
S02	CAMPI_72cdabc879492bc1f6db81d70f70be63b4a56e1cb5f78a1026abdfca113b6f67	CAMPI_72cdabc879492bc1f6db81d70f70be63b4a56e1cb5f78a1026abdfca113b6f67	1	1	59341034.24987359
S02	CAMPI_777d8761c2369259e5f7a72f4941274d5ce6c2f4bf378002436a4aadf516118b	CAMPI_777d8761c2369259e5f7a72f4941274d5ce6c2f4bf378002436a4aadf516118b	2	2	494803923.2746834
S02	CAMPI_77be88ba1cf79921e2127d975f9d425bb6971cf1e3a821db7f13db7ed74b4a2f	CAMPI_77be88ba1cf79921e2127d975f9d425bb6971cf1e3a821db7f13db7ed74b4a2f	2	2	117648738.35857525
S02	CAMPI_77f63645579640f74c5e41a424ff714f2271eea76dec31923247274cb1a7fc7c	CAMPI_77f63645579640f74c5e41a424ff714f2271eea76dec31923247274cb1a7fc7c	1	1	32252486.128960807
S02	CAMPI_7c0d18a561b264a2df52518e0631fb0bd63c6d60255fbc8144e635e6ed1ced88	CAMPI_7c0d18a561b264a2df52518e0631fb0bd63c6d60255fbc8144e635e6ed1ced88	1	1	9507864.603440154
S02	CAMPI_7c3b8d7c41f810f59caf6176c72d81aca97a3b2f87b4a33eda268c782000a097	CAMPI_7c3b8d7c41f810f59caf6176c72d81aca97a3b2f87b4a33eda268c782000a097	1	1	84777023.24372515
S02	CAMPI_7cb1e4d122178b054c32ee50ef164d0d60b9618226ddad845bb280bf56dcb5a7	CAMPI_7cb1e4d122178b054c32ee50ef164d0d60b9618226ddad845bb280bf56dcb5a7	6	6	306764632.46953297
S02	CAMPI_7ce4a0cd6a824699d602f8641a2cdcbeb4c088da845ae62172cc7000fe7a4bcc	CAMPI_7ce4a0cd6a824699d602f8641a2cdcbeb4c088da845ae62172cc7000fe7a4bcc	2	2	19067560.2726566
S02	CAMPI_7d47bc0882af3db64d82861ea83ca2bb828b3a8457b420272bc767be0530b547	CAMPI_7d47bc0882af3db64d82861ea83ca2bb828b3a8457b420272bc767be0530b547	1	1	94233051.8350322
S02	CAMPI_7e2b006a5271fee3d99ebb924772f760defa6ae56e445178cf41a6816ae83f19	CAMPI_7e2b006a5271fee3d99ebb924772f760defa6ae56e445178cf41a6816ae83f19	1	1	11992679.886241058
S02	CAMPI_7e40167ba4a395401b8b0405c48ef00c84fb64aa054936c9159b65943d4a2bac	CAMPI_7e40167ba4a395401b8b0405c48ef00c84fb64aa054936c9159b65943d4a2bac	2	2	86122576.05043092
S02	CAMPI_7ea830f0a6514249c59c18cdc7adc67fded0ad438490c69292e9f4613d786a0f	CAMPI_7ea830f0a6514249c59c18cdc7adc67fded0ad438490c69292e9f4613d786a0f	1	1	99706075.60309263
S02	CAMPI_7fdad2d7a94830f55975c5275bb3a3b54594b92335829d4b919386fa395ee429	CAMPI_7fdad2d7a94830f55975c5275bb3a3b54594b92335829d4b919386fa395ee429	1	1	24520104.40847976
S02	CAMPI_826d9620925c796b66f528e59c8bad1ea8cd17d76b7fc7c7e6c7bd7c4b665843	CAMPI_826d9620925c796b66f528e59c8bad1ea8cd17d76b7fc7c7e6c7bd7c4b665843	2	2	37150278.42507538
S02	CAMPI_840a34ca5ccb74284520f0001a21de955bac82a37309b1b7ecb5cd6b6c69294a	CAMPI_840a34ca5ccb74284520f0001a21de955bac82a37309b1b7ecb5cd6b6c69294a	3	3	529390965.6989227
S02	CAMPI_84f66a8aec4e6d7ec18bdeccdf299197490c287490244300b183e0d89eb7ea9c	CAMPI_84f66a8aec4e6d7ec18bdeccdf299197490c287490244300b183e0d89eb7ea9c	3	3	110225609.63844511
S02	CAMPI_854f1b916a0581b5180556e4229a92e9d9259453c70398c4de2e0248c40c7a03	CAMPI_854f1b916a0581b5180556e4229a92e9d9259453c70398c4de2e0248c40c7a03	1	1	78719013.69892827
S02	CAMPI_856b5201e2f688faec715fbf6e7fd8b1f3943571af087169dbada11391a365a7	CAMPI_856b5201e2f688faec715fbf6e7fd8b1f3943571af087169dbada11391a365a7	1	1	42853326.26676155
S02	CAMPI_873ba2f6e00a9b1262ca2d2051a6094bec3b00dde09187198387671f53fe6f20	CAMPI_873ba2f6e00a9b1262ca2d2051a6094bec3b00dde09187198387671f53fe6f20	5	5	650286461.7844557
S02	CAMPI_876126f0d0dd262269b3a34289a73a2931000053c93d27eb8ba30b0f9324aba6	CAMPI_876126f0d0dd262269b3a34289a73a2931000053c93d27eb8ba30b0f9324aba6	2	2	296605320.97787064
S02	CAMPI_879e92f6a383e8c6ddbe16c784eadf24e374476454feb86b9cf16ff700c25a37	CAMPI_879e92f6a383e8c6ddbe16c784eadf24e374476454feb86b9cf16ff700c25a37	1	1	16747441.973927127
S02	CAMPI_882e9c3dd451e40db5dcd1d63cb33adc48e7804d0e67ba477b947ae8a42de1f6	CAMPI_882e9c3dd451e40db5dcd1d63cb33adc48e7804d0e67ba477b947ae8a42de1f6	1	1	23843162.408194676
S02	CAMPI_885060078ff2bda2c54fc5f76cb8a5a834b57959ec2ffbf14e4d2cc4f6539ac2	CAMPI_885060078ff2bda2c54fc5f76cb8a5a834b57959ec2ffbf14e4d2cc4f6539ac2	2	2	31681613.987080373
S02	CAMPI_89f2dc6f14ad1f87039c6a9ea53eee4091960da1e0d3d9bffa35d8cfce667147	CAMPI_89f2dc6f14ad1f87039c6a9ea53eee4091960da1e0d3d9bffa35d8cfce667147	2	2	34309046.87499191
S02	CAMPI_8b33ac4e2ac77e6ddb6965737a4f511d6e39204506543acdbd18a0db32bcad3d	CAMPI_8b33ac4e2ac77e6ddb6965737a4f511d6e39204506543acdbd18a0db32bcad3d	2	2	112556164.73216254
S02	CAMPI_8b9961cc9da37de018df0b80a1b363618ea56e109ff83e0ff46c8a8d6bfb9019	CAMPI_8b9961cc9da37de018df0b80a1b363618ea56e109ff83e0ff46c8a8d6bfb9019	3	3	186833708.34268564
S02	CAMPI_8c50ae15c3786fb9441e91ea0358a8d2aa61388d5e73131cfadcf0ac9ec363d9	CAMPI_8c50ae15c3786fb9441e91ea0358a8d2aa61388d5e73131cfadcf0ac9ec363d9	3	3	112890073.92978635
S02	CAMPI_8cc066073fb759e54a348dc456a9124106b21cadb90915b94d21bd64b9934f37	CAMPI_8cc066073fb759e54a348dc456a9124106b21cadb90915b94d21bd64b9934f37	1	1	2941405.9278548122
S02	CAMPI_8d50e56399582a65f73f3193a3f00454a5d9896402a6088a1e6b8a133620e818	CAMPI_8d50e56399582a65f73f3193a3f00454a5d9896402a6088a1e6b8a133620e818	1	1	73721019.5935725
S02	CAMPI_8fa503b37012a9c4b81f3de74db8f7c745ccecbd8bb5ef5b69f3b4f51e89ded2	CAMPI_8fa503b37012a9c4b81f3de74db8f7c745ccecbd8bb5ef5b69f3b4f51e89ded2	1	1	29038522.75567031
S02	CAMPI_909db3ee5c06b16e93a325ace28953f8a911eea79003e979b1adca8c65aeb96d	CAMPI_909db3ee5c06b16e93a325ace28953f8a911eea79003e979b1adca8c65aeb96d	1	1	25158530.7721738
S02	CAMPI_914a8abad3ebc40cb0cd5ee55350834b4d5f8aa00e7dcb484f5d2511e3ca4a21	CAMPI_914a8abad3ebc40cb0cd5ee55350834b4d5f8aa00e7dcb484f5d2511e3ca4a21	1	1	62556749.96106854
S02	CAMPI_93c1fbcae852bc15a5534ac7d11083cbb61df5991d528e5750f53b9d51afc033	CAMPI_93c1fbcae852bc15a5534ac7d11083cbb61df5991d528e5750f53b9d51afc033	1	1	18889273.065695815
S02	CAMPI_94a672ec6e9dfb41d7e794db0d0e7cc6076e0f5f58d4de013bd0ed25171d8299	CAMPI_94a672ec6e9dfb41d7e794db0d0e7cc6076e0f5f58d4de013bd0ed25171d8299	1	1	27656976.125706974
S02	CAMPI_9507bb300d0e8c78a6f9a33e38173eff60502faf9e839c63c48f403cd8872fe7	CAMPI_9507bb300d0e8c78a6f9a33e38173eff60502faf9e839c63c48f403cd8872fe7	3	3	74019882.87880968
S02	CAMPI_9609be0cebe427ef72afa6d7bb9c737c569d6b02b085d7747695e89164282784	CAMPI_9609be0cebe427ef72afa6d7bb9c737c569d6b02b085d7747695e89164282784	1	1	9065614.529106537
S02	CAMPI_974de55d62a1efd87cf7554e16de4da0e0827f2f2ea7afc59ccd18f156f7f6b6	CAMPI_974de55d62a1efd87cf7554e16de4da0e0827f2f2ea7afc59ccd18f156f7f6b6	3	3	88431326.04672024
S02	CAMPI_99662b50f2662eb6731df5d55620cf8defa57ae87c394657043266b415104b7b	CAMPI_99662b50f2662eb6731df5d55620cf8defa57ae87c394657043266b415104b7b	1	1	12731514.484068632
S02	CAMPI_9bf80da47588e1f40ecfd708b432e3f81c470bc32313098c2cd66d3e9853925c	CAMPI_9bf80da47588e1f40ecfd708b432e3f81c470bc32313098c2cd66d3e9853925c	1	1	28415456.91500875
S02	CAMPI_9ca342663571dcd2ebf39d7f2e58ac8df06018553cb8d72fdb20b27375cd30ab	CAMPI_9ca342663571dcd2ebf39d7f2e58ac8df06018553cb8d72fdb20b27375cd30ab	2	2	54560942.54009952
S02	CAMPI_9caef52537a5aca68f28281c806044073544789766d753cd774535944d6484d7	CAMPI_9caef52537a5aca68f28281c806044073544789766d753cd774535944d6484d7	1	1	93255395.73817411
S02	CAMPI_9cc6d6ae1d8930dbcd3e244ff6ab9d8e374198e8a533f64bc83c699473e81487	CAMPI_9cc6d6ae1d8930dbcd3e244ff6ab9d8e374198e8a533f64bc83c699473e81487	1	1	50306473.313580915
S02	CAMPI_9d4be3c0169989e729f1d362aeb4dbc18b1f35919df869fa347084d353eb1138	CAMPI_9d4be3c0169989e729f1d362aeb4dbc18b1f35919df869fa347084d353eb1138	2	3	44506819.626172476
S02	CAMPI_9e698983a9adcc2341b6e577f2feda5e0262045d5fdc082044250b6f526fabb6	CAMPI_9e698983a9adcc2341b6e577f2feda5e0262045d5fdc082044250b6f526fabb6	2	2	102078971.11291169
S02	CAMPI_9eaec67346036de2c9a24447ad90c65dfc11747b4a344ddd7ccc4e3bd65e833e	CAMPI_9eaec67346036de2c9a24447ad90c65dfc11747b4a344ddd7ccc4e3bd65e833e	1	1	41330266.253422655
S02	CAMPI_9f384c3fd846d57de4c98b7c7ff31b50378ff09f77143f0513ec595c9d4f5071	CAMPI_9f384c3fd846d57de4c98b7c7ff31b50378ff09f77143f0513ec595c9d4f5071	2	2	73736483.71499428
S02	CAMPI_a03ff877e06092d17ce47b10fd4a3b4c4ebe36e06de43edb3854a2b87343d2af	CAMPI_a03ff877e06092d17ce47b10fd4a3b4c4ebe36e06de43edb3854a2b87343d2af	1	1	20883487.05308389
S02	CAMPI_a0a7e40bec6187f653966f74391f0d65ba8bc9b727b4a272bab4e2614cc3b856	CAMPI_a0a7e40bec6187f653966f74391f0d65ba8bc9b727b4a272bab4e2614cc3b856	2	2	179254482.08944327
S02	CAMPI_a0afc2721bbe0c9b5ca4109c7e1f6bc3df3578f6f7c8e3f958cfbe1e218a8f34	CAMPI_a0afc2721bbe0c9b5ca4109c7e1f6bc3df3578f6f7c8e3f958cfbe1e218a8f34	1	1	62783919.94973469
S02	CAMPI_a23b3bc03b272db0c286206696f7ea2f2a9daa2c400e8b116234c57fdcf9f8b2	CAMPI_a23b3bc03b272db0c286206696f7ea2f2a9daa2c400e8b116234c57fdcf9f8b2	3	3	44105623.99165027
S02	CAMPI_a2696aa3d1449d487477120302f693e44ec473f399d84e71d3534235369d5c6e	CAMPI_a2696aa3d1449d487477120302f693e44ec473f399d84e71d3534235369d5c6e	1	1	29791548.781492464
S02	CAMPI_a2c51864569ed6177ad0de87fe3b4d866ebf87ec52a0b4900751bc1291ea363f	CAMPI_a2c51864569ed6177ad0de87fe3b4d866ebf87ec52a0b4900751bc1291ea363f	1	1	13949095.749074487
S02	CAMPI_a89b8e4337a9b53497e146f5c73af31a10b99d22d0557b25699de8dbdbcc13ac	CAMPI_a89b8e4337a9b53497e146f5c73af31a10b99d22d0557b25699de8dbdbcc13ac	1	1	67404347.27115014
S02	CAMPI_a92cdaca0c80cede65b42cda50d9f61b8a5bfcbfa11c7b6f18659d1636fb2c5c	CAMPI_a92cdaca0c80cede65b42cda50d9f61b8a5bfcbfa11c7b6f18659d1636fb2c5c	1	1	64572675.92799852
S02	CAMPI_a9618c41b68f75e8e97cd88bdc30713a6155dcab1aad592f6085fea7a6f8a2b9	CAMPI_a9618c41b68f75e8e97cd88bdc30713a6155dcab1aad592f6085fea7a6f8a2b9	1	1	100592173.04843862
S02	CAMPI_ab6c1c4144a8d52a0c11282c8bf46cbd564f6b91d16747a797d09b7108d497d0	CAMPI_ab6c1c4144a8d52a0c11282c8bf46cbd564f6b91d16747a797d09b7108d497d0	3	3	177763585.396321
S02	CAMPI_ab77e32ebde58bfce73dcb45da221241c2827093685f31c3450a4593b9b68b3c	CAMPI_ab77e32ebde58bfce73dcb45da221241c2827093685f31c3450a4593b9b68b3c	1	1	241860660.56930256
S02	CAMPI_ac2f96f62d1222b6915d11c70e739630ce227c3ec97f6aa2bbaabd954a5fa3a7	CAMPI_ac2f96f62d1222b6915d11c70e739630ce227c3ec97f6aa2bbaabd954a5fa3a7	3	3	59064416.858082294
S02	CAMPI_ae238e420f782b951995606d6d3cb009170e41825221266add2ec805cd57ec80	CAMPI_ae238e420f782b951995606d6d3cb009170e41825221266add2ec805cd57ec80	1	1	7107732.909561076
S02	CAMPI_b02ae782e132cfa54366a0622dbb603d7ab54dd90df1482626f96fdfd146ff93	CAMPI_b02ae782e132cfa54366a0622dbb603d7ab54dd90df1482626f96fdfd146ff93	2	2	135031432.42179248
S02	CAMPI_b1210b97943fefabcd91af2947d3e8801a3ef13decf51c6d84ed1919e6b90603	CAMPI_b1210b97943fefabcd91af2947d3e8801a3ef13decf51c6d84ed1919e6b90603	3	3	396712658.51126045
S02	CAMPI_b1f9ffb88edaf08114a7fe59d27d19b308284c35a185276a8263e00913278aa5	CAMPI_b1f9ffb88edaf08114a7fe59d27d19b308284c35a185276a8263e00913278aa5	1	1	6479431.724325883
S02	CAMPI_b230dcf0660cb8c1cd1652ea1e642ca6b1b257772ee4aeab50135b69d72d53d2	CAMPI_b230dcf0660cb8c1cd1652ea1e642ca6b1b257772ee4aeab50135b69d72d53d2	2	2	125068953.43248883
S02	CAMPI_b2c01ae5976f9612cc5208eb8390d4aa16aa07fab580ea8325864a4963f2609d	CAMPI_b2c01ae5976f9612cc5208eb8390d4aa16aa07fab580ea8325864a4963f2609d	1	1	35641376.820935875
S02	CAMPI_b3258c89e2baa002888a0ff9bab9afed35aba2bcd241a4ea2e05b75835fcd2a3	CAMPI_b3258c89e2baa002888a0ff9bab9afed35aba2bcd241a4ea2e05b75835fcd2a3	1	1	9166794.162924923
S02	CAMPI_b59c56a5b8633ccaea1d22aad7d712037a9fe6a9e27bb603e6f89b187d99be73	CAMPI_b59c56a5b8633ccaea1d22aad7d712037a9fe6a9e27bb603e6f89b187d99be73	1	1	10096885.446354294
S02	CAMPI_b5ab032c7a678e9e5188caaf80fd2170b877792cc329516807c636488ced8e63	CAMPI_b5ab032c7a678e9e5188caaf80fd2170b877792cc329516807c636488ced8e63	1	1	4992954.777871435
S02	CAMPI_b60fc4ca7c6fa639bae387c81b9347abc6f14e898ed3ca880f43117884b20e4a	CAMPI_b60fc4ca7c6fa639bae387c81b9347abc6f14e898ed3ca880f43117884b20e4a	3	3	81539502.50098325
S02	CAMPI_b6b3c1b3136a3f49909a093187cc7fadcfa80a7b48a66ed801a10686ba9961d7	CAMPI_b6b3c1b3136a3f49909a093187cc7fadcfa80a7b48a66ed801a10686ba9961d7	1	1	28396186.621567927
S02	CAMPI_b7d14ff72c23fbe268018b7e2012704d95ca90e7da11ac6fea733bfa455a0f9b	CAMPI_b7d14ff72c23fbe268018b7e2012704d95ca90e7da11ac6fea733bfa455a0f9b	1	1	18718699.22566891
S02	CAMPI_b9298f8456a3be31b06cf2d6542b3b7bb625bbc63daa118e0084f6c68af507d2	CAMPI_b9298f8456a3be31b06cf2d6542b3b7bb625bbc63daa118e0084f6c68af507d2	2	2	12390374.775827914
S02	CAMPI_ba6ab925eb4a246e2a56a995ccefc3038e0ff04f24b9db517504d256b53decc8	CAMPI_ba6ab925eb4a246e2a56a995ccefc3038e0ff04f24b9db517504d256b53decc8	1	1	7369055.751639323
S02	CAMPI_bb9d3c674ac610f94cbe88ba22907cc50e5588bb589ef788e7ad224a2c9dcdd2	CAMPI_bb9d3c674ac610f94cbe88ba22907cc50e5588bb589ef788e7ad224a2c9dcdd2	1	1	39708011.438849024
S02	CAMPI_bc780d1affa177ececeec189fd2c86800d55d9e5d3c51b9d2d36e720fb942bae	CAMPI_bc780d1affa177ececeec189fd2c86800d55d9e5d3c51b9d2d36e720fb942bae	1	1	52705213.93057748
S02	CAMPI_bda9226f94c3cf9d8f88d4b08209be54d52852dd8a99609a976287b17ea93409	CAMPI_bda9226f94c3cf9d8f88d4b08209be54d52852dd8a99609a976287b17ea93409	1	1	149906027.19236615
S02	CAMPI_be3dfaf12466b2a02f164ba3c64a62a778d8a993de1a51d5bd2963fd935cc309	CAMPI_be3dfaf12466b2a02f164ba3c64a62a778d8a993de1a51d5bd2963fd935cc309	4	4	686917022.4282078
S02	CAMPI_bf57ce7126d4155dfcdb1169a7f6315792488d2f73a01abc575204a9ac50cee0	CAMPI_bf57ce7126d4155dfcdb1169a7f6315792488d2f73a01abc575204a9ac50cee0	2	2	28687458.85604911
S02	CAMPI_bf93a4d347c8968a052d1ea220d58f0723b05000df52284ea87174eb18743730	CAMPI_bf93a4d347c8968a052d1ea220d58f0723b05000df52284ea87174eb18743730	1	1	12200956.636052378
S02	CAMPI_c059778d4e767dedb4b972710484aa6dbead3c471db331e54d532c35d33a05aa	CAMPI_c059778d4e767dedb4b972710484aa6dbead3c471db331e54d532c35d33a05aa	1	1	32395554.001027405
S02	CAMPI_c238fb21a4f33182466b8a207c2f061c09c881db937107a91df672b92b4e0e67	CAMPI_c238fb21a4f33182466b8a207c2f061c09c881db937107a91df672b92b4e0e67	2	2	230660955.93866253
S02	CAMPI_c441c84224d4be45b80629c2a8a57b3eefbb8b205bc299e5c2b7d0d42c3545f8	CAMPI_c441c84224d4be45b80629c2a8a57b3eefbb8b205bc299e5c2b7d0d42c3545f8	2	2	142310289.64099333
S02	CAMPI_c5473da0575af2994bae5b919b8d56aa1e506c6ba8769b6d31b6fe114c106c7a	CAMPI_c5473da0575af2994bae5b919b8d56aa1e506c6ba8769b6d31b6fe114c106c7a	2	2	59828962.526515536
S02	CAMPI_c656cd828d2a45036df035a695da369977169a06204cd2f3e4f737970d64c2de	CAMPI_c656cd828d2a45036df035a695da369977169a06204cd2f3e4f737970d64c2de	2	2	305008006.3246721
S02	CAMPI_c8d3405c9bd4eb363b904cdba043a56af7f17a033eba6b648219f0fce317137b	CAMPI_c8d3405c9bd4eb363b904cdba043a56af7f17a033eba6b648219f0fce317137b	2	2	60400847.206441075
S02	CAMPI_c94902245da3fa5b8c3049e9197652589b131b22e25c7b32e98b21de49c19b73	CAMPI_c94902245da3fa5b8c3049e9197652589b131b22e25c7b32e98b21de49c19b73	3	3	1022092426.5930039
S02	CAMPI_c9c38195dac4ef63dd8c68ad86b119cedc3e77ac98f6d8992262d972db0a2f01	CAMPI_c9c38195dac4ef63dd8c68ad86b119cedc3e77ac98f6d8992262d972db0a2f01	1	1	16906310.047085516
S02	CAMPI_cdd5646e1bcc325aee99dfb9c81085a69f53dc19c3668cc7e21247fb28f3e634	CAMPI_cdd5646e1bcc325aee99dfb9c81085a69f53dc19c3668cc7e21247fb28f3e634	5	5	1461255092.2439446
S02	CAMPI_ce11e429e9e2aea980f6b9ead92505d03ad13ad68be536e62535990364ff7154	CAMPI_ce11e429e9e2aea980f6b9ead92505d03ad13ad68be536e62535990364ff7154	1	1	178020094.68981102
S02	CAMPI_cef4f517f03ca4e435be4d901dd39dec3537fd10434644546f2fed891681b4b3	CAMPI_cef4f517f03ca4e435be4d901dd39dec3537fd10434644546f2fed891681b4b3	2	2	109283548.93315116
S02	CAMPI_d278a966bfdc9983ee6dd0a730e4106efda609f837f77a38f3b3038a04ab416f	CAMPI_d278a966bfdc9983ee6dd0a730e4106efda609f837f77a38f3b3038a04ab416f	1	1	19318245.26713564
S02	CAMPI_d3f83928ec80cee97faef95926e2d6da5d7effc4a3172e627c2e518adcaaca8b	CAMPI_d3f83928ec80cee97faef95926e2d6da5d7effc4a3172e627c2e518adcaaca8b	2	2	18597887.118828114
S02	CAMPI_d4da9cb85341dffab8221721268b382fb9aa4d2ae28cd91388c86bc48d31131c	CAMPI_d4da9cb85341dffab8221721268b382fb9aa4d2ae28cd91388c86bc48d31131c	1	1	9809775.79546086
S02	CAMPI_d59a42dbfcf07223e0c682eba07564790b9ae884aa242b07e0f091dc130d0d5e	CAMPI_d59a42dbfcf07223e0c682eba07564790b9ae884aa242b07e0f091dc130d0d5e	1	1	23988872.179819632
S02	CAMPI_dc1d534611ae0792b5551e2973dd842904988707b527cec3aa526c07fe109dc5	CAMPI_dc1d534611ae0792b5551e2973dd842904988707b527cec3aa526c07fe109dc5	1	1	98762158.37309462
S02	CAMPI_dc283d03dc2303156059851ec11b41052ada132f815e971c04692447e9babf52	CAMPI_dc283d03dc2303156059851ec11b41052ada132f815e971c04692447e9babf52	2	2	105050067.67404228
S02	CAMPI_dccd7d1438298b91bdbcb3e4a3e5736695824b8c969ddeb520013738ea22361f	CAMPI_dccd7d1438298b91bdbcb3e4a3e5736695824b8c969ddeb520013738ea22361f	2	2	60575456.814408556
S02	CAMPI_df12badccba4e475bafca2056b5a49309e8444799e194ae7449f2ef39d46cbc7	CAMPI_df12badccba4e475bafca2056b5a49309e8444799e194ae7449f2ef39d46cbc7	1	1	65481897.71217687
S02	CAMPI_e02b28c5ae16e2db74ae7c190c4df0be105fc4a7cfcb8b40f4c52ead7ae5e3ce	CAMPI_e02b28c5ae16e2db74ae7c190c4df0be105fc4a7cfcb8b40f4c52ead7ae5e3ce	2	2	216985372.91086528
S02	CAMPI_e1551ca740201af1b8cca7bd8a2a7ce295ad5677b70d3ca35867afd655e23746	CAMPI_e1551ca740201af1b8cca7bd8a2a7ce295ad5677b70d3ca35867afd655e23746	1	1	14681732.43016529
S02	CAMPI_e27c5eee026593a607b3bc90005bb98504d8f32aeac59d9f6fc05e3670c94659	CAMPI_e27c5eee026593a607b3bc90005bb98504d8f32aeac59d9f6fc05e3670c94659	1	1	46194039.79031174
S02	CAMPI_e2b79b43b4835c3123e741ca054baa2d6441f8ccd5509aa8b8e78232c35c090b	CAMPI_e2b79b43b4835c3123e741ca054baa2d6441f8ccd5509aa8b8e78232c35c090b	2	2	465657164.8959161
S02	CAMPI_e40b33c527658afa3af1c5995dfca97c19a909c26190480779a58b2c2b7d76e1	CAMPI_e40b33c527658afa3af1c5995dfca97c19a909c26190480779a58b2c2b7d76e1	1	1	36817688.02646097
S02	CAMPI_e43a372f4b7d357cb757e91b0d084db1d60d737b7f09c07b8e1bc92362343ebb	CAMPI_e43a372f4b7d357cb757e91b0d084db1d60d737b7f09c07b8e1bc92362343ebb	1	1	329664541.02421653
S02	CAMPI_e46a62b55dbd9ffa2fe1965bc63a38b11680a0eee7bc97bb30b742706201ef8a	CAMPI_e46a62b55dbd9ffa2fe1965bc63a38b11680a0eee7bc97bb30b742706201ef8a	1	1	3384676.135748373
S02	CAMPI_e4c99b10caee047d4fdc2c6c79269429ee1b293fd804a732406b4ced7b87d8be	CAMPI_e4c99b10caee047d4fdc2c6c79269429ee1b293fd804a732406b4ced7b87d8be	1	1	34566887.808746494
S02	CAMPI_e4d8da77309809560e428623aa1e9801d7fbbcd3fd6d263393725170b36f8020	CAMPI_e4d8da77309809560e428623aa1e9801d7fbbcd3fd6d263393725170b36f8020	1	1	43234653.72522065
S02	CAMPI_e6df9b004929d95df0fe17c1ffab887c5d6d80ee9352ce905fd597fc8cb2ace7	CAMPI_e6df9b004929d95df0fe17c1ffab887c5d6d80ee9352ce905fd597fc8cb2ace7	4	4	85118235.31535955
S02	CAMPI_e775dd15df9b243f6c74af09665185faf47fd0f15145abdc8d9625bbcdba5a9f	CAMPI_e775dd15df9b243f6c74af09665185faf47fd0f15145abdc8d9625bbcdba5a9f	1	1	91774076.15107411
S02	CAMPI_e7fc1999bac27b2526c4ba9218da2ea35e629260d25abaa42609d65bd9e4e6f0	CAMPI_e7fc1999bac27b2526c4ba9218da2ea35e629260d25abaa42609d65bd9e4e6f0	1	1	34601363.30007086
S02	CAMPI_e87880dc22b1bc075323869d2797053db0da90ef3abf4cb7ae940f2c768c81dd	CAMPI_e87880dc22b1bc075323869d2797053db0da90ef3abf4cb7ae940f2c768c81dd	1	1	123601182.29351597
S02	CAMPI_e93e83b38b45b88cefdb64342603290f5b35cb3a81a5f5bbec90ebcb2f0c9ab9	CAMPI_e93e83b38b45b88cefdb64342603290f5b35cb3a81a5f5bbec90ebcb2f0c9ab9	1	1	1010091650.517607
S02	CAMPI_ea64b97cb200456960effad819b6cf24d3deef62ffc34c7089957a2e3308d7d4	CAMPI_ea64b97cb200456960effad819b6cf24d3deef62ffc34c7089957a2e3308d7d4	1	1	41270544.792480685
S02	CAMPI_eb0d7c59015cb1ca506487edb85ff2bc4ae2ad0633d7ac78b80bb3ad6afe235b	CAMPI_eb0d7c59015cb1ca506487edb85ff2bc4ae2ad0633d7ac78b80bb3ad6afe235b	1	1	163226385.2713751
S02	CAMPI_ebc079d295eae282c7338905e499058761b63548cd80d6b2d69b638cb4fbde2f	CAMPI_ebc079d295eae282c7338905e499058761b63548cd80d6b2d69b638cb4fbde2f	1	1	1981423.751139585
S02	CAMPI_ec0540dcc60a7d4105dfab79b4306bac01c3ecc60b1313baec8c87a42af40c79	CAMPI_ec0540dcc60a7d4105dfab79b4306bac01c3ecc60b1313baec8c87a42af40c79	3	3	93906769.43791243
S02	CAMPI_eebb4a6404e4c7c5e0e0c5e99745b98eea2575a895700bc2ded4679680771c4a	CAMPI_eebb4a6404e4c7c5e0e0c5e99745b98eea2575a895700bc2ded4679680771c4a	1	1	50309862.45993748
S02	CAMPI_ef443a4220f53fea54a91a0340bb424fe46cedc18c7dd1ffbfd26e21f64e23d0	CAMPI_ef443a4220f53fea54a91a0340bb424fe46cedc18c7dd1ffbfd26e21f64e23d0	1	1	20056259.300946794
S02	CAMPI_f036355a96936f02f434c6f4ff9da3a729559089951562f26fa27c54f8b6b189	CAMPI_f036355a96936f02f434c6f4ff9da3a729559089951562f26fa27c54f8b6b189	2	2	353363838.62431204
S02	CAMPI_f03bcf7453124482b291790db9499ed69d1b82946134b28e8a076af54dd6942a	CAMPI_f03bcf7453124482b291790db9499ed69d1b82946134b28e8a076af54dd6942a	4	4	749518557.9115721
S02	CAMPI_f14cda4f4942a994531b506f0193f9090114d1a9ca03d866f3becb7195acd7e8	CAMPI_f14cda4f4942a994531b506f0193f9090114d1a9ca03d866f3becb7195acd7e8	1	1	22467156.490363598
S02	CAMPI_f31f138d8ccaa70af53f72b519efbe5292d2cd2c1544e96e53aeaef8715ee000	CAMPI_f31f138d8ccaa70af53f72b519efbe5292d2cd2c1544e96e53aeaef8715ee000	2	2	20073433.6276048
S02	CAMPI_f3924db6e3676314ba5e9fcf1d3c85dac1f300bc32628d03b3119ba087a2ec39	CAMPI_f3924db6e3676314ba5e9fcf1d3c85dac1f300bc32628d03b3119ba087a2ec39	4	4	300185841.4576401
S02	CAMPI_f6e3ca9f981a446b435c7afb534f2056d882fbf540bd36893384bb17e8b1ad3b	CAMPI_f6e3ca9f981a446b435c7afb534f2056d882fbf540bd36893384bb17e8b1ad3b	2	2	281774245.79991734
S02	CAMPI_f76d25b413d63c0bc04486603a4bf1c17a8f524943997e0884cee17f3c30c139	CAMPI_f76d25b413d63c0bc04486603a4bf1c17a8f524943997e0884cee17f3c30c139	1	1	34949655.15037095
S02	CAMPI_f8393d52805602627c5e53d061fc2d6c3a5c4b0f3c5b69ac0580182486b417b7	CAMPI_f8393d52805602627c5e53d061fc2d6c3a5c4b0f3c5b69ac0580182486b417b7	1	1	9525508.317726867
S02	CAMPI_fae89b79e1171706c094b7523853bcb15bba80478de33c5ef313723d15600377	CAMPI_fae89b79e1171706c094b7523853bcb15bba80478de33c5ef313723d15600377	1	1	43555039.70500995
S02	CAMPI_fb140e546ee08766dd72d84ae2a08e5bba42a81d17811902e970f241aaf37523	CAMPI_fb140e546ee08766dd72d84ae2a08e5bba42a81d17811902e970f241aaf37523	4	4	125045173.60143282
S02	CAMPI_fb3ff6ae09402e991eb4faeff4352dbdc1c0f320dfcf5356c2df00205d9f3712	CAMPI_fb3ff6ae09402e991eb4faeff4352dbdc1c0f320dfcf5356c2df00205d9f3712	1	1	6894557.810450091
S02	CAMPI_fb92a6f82ce94584198bdeeff1194b97b441ef253b5eba072a31cd0d2c7d7bdd	CAMPI_fb92a6f82ce94584198bdeeff1194b97b441ef253b5eba072a31cd0d2c7d7bdd	2	2	173614528.5610839
S02	CAMPI_fe6ee7ba77028c68e38608af0b05174faa358da50f0a900d3bea7f3f99ee3d83	CAMPI_fe6ee7ba77028c68e38608af0b05174faa358da50f0a900d3bea7f3f99ee3d83	1	2	132213191.11310408
S02	CAMPI_feba6c16b200a9a2a06e293e7da5aca9d131f7ac14b9a26d06411005091638a8	CAMPI_feba6c16b200a9a2a06e293e7da5aca9d131f7ac14b9a26d06411005091638a8	1	1	80970895.05218746
S02	CAMPI_ff41610fb76a0aab5b43a9949360e44a1bd6060cd4375757b50de3933f753d12	CAMPI_ff41610fb76a0aab5b43a9949360e44a1bd6060cd4375757b50de3933f753d12	2	2	111595443.87907724
S02	CAMPI_fff60ab1595e3d1bb509445a37ca40cc5e287f711737c0fe0fcba4b71e5b77d0	CAMPI_fff60ab1595e3d1bb509445a37ca40cc5e287f711737c0fe0fcba4b71e5b77d0	1	1	77030629.84434856
