sample_a	sample_b	peps_jaccard	db_jaccard
20181231_QX7_PhGe_LC95_SA_TechnicalReplicates_10	20181231_QX7_PhGe_LC95_SA_TechnicalReplicates_1_190104120800	0.5537194183911468	0.3264790764790765
20181231_QX7_PhGe_LC95_SA_TechnicalReplicates_10	20181231_QX7_PhGe_LC95_SA_TechnicalReplicates_2_190104150314	0.5596519577377252	0.3282336578581363
20181231_QX7_PhGe_LC95_SA_TechnicalReplicates_10	20181231_QX7_PhGe_LC95_SA_TechnicalReplicates_3_190104175825	0.5676367285499248	0.33556883306913793
20181231_QX7_PhGe_LC95_SA_TechnicalReplicates_10	20181231_QX7_PhGe_LC95_SA_TechnicalReplicates_4_190104205346	0.5719463391306536	0.3371258213677294
20181231_QX7_PhGe_LC95_SA_TechnicalReplicates_10	20181231_QX7_PhGe_LC95_SA_TechnicalReplicates_5_190104234917	0.581636543887745	0.3452454556695932
20181231_QX7_PhGe_LC95_SA_TechnicalReplicates_10	20181231_QX7_PhGe_LC95_SA_TechnicalReplicates_6	0.5843828715365239	0.35398666995803507
20181231_QX7_PhGe_LC95_SA_TechnicalReplicates_10	20181231_QX7_PhGe_LC95_SA_TechnicalReplicates_7	0.5915353077491151	0.3531082165565776
20181231_QX7_PhGe_LC95_SA_TechnicalReplicates_10	20181231_QX7_PhGe_LC95_SA_TechnicalReplicates_8	0.6174019799911188	0.378390283808445
20181231_QX7_PhGe_LC95_SA_TechnicalReplicates_10	20181231_QX7_PhGe_LC95_SA_TechnicalReplicates_9	0.6280466827215709	0.3881313616285769
20181231_QX7_PhGe_LC95_SA_TechnicalReplicates_1_190104120800	20181231_QX7_PhGe_LC95_SA_TechnicalReplicates_2_190104150314	0.6281044745484401	0.39856666876218017
20181231_QX7_PhGe_LC95_SA_TechnicalReplicates_1_190104120800	20181231_QX7_PhGe_LC95_SA_TechnicalReplicates_3_190104175825	0.6232472135189275	0.38657667791526057
20181231_QX7_PhGe_LC95_SA_TechnicalReplicates_1_190104120800	20181231_QX7_PhGe_LC95_SA_TechnicalReplicates_4_190104205346	0.609718187840799	0.3755407242615251
20181231_QX7_PhGe_LC95_SA_TechnicalReplicates_1_190104120800	20181231_QX7_PhGe_LC95_SA_TechnicalReplicates_5_190104234917	0.5954777053917717	0.366143928593566
20181231_QX7_PhGe_LC95_SA_TechnicalReplicates_1_190104120800	20181231_QX7_PhGe_LC95_SA_TechnicalReplicates_6	0.5898788490661282	0.35831295843520783
20181231_QX7_PhGe_LC95_SA_TechnicalReplicates_1_190104120800	20181231_QX7_PhGe_LC95_SA_TechnicalReplicates_7	0.5793050038721926	0.34682115991264256
20181231_QX7_PhGe_LC95_SA_TechnicalReplicates_1_190104120800	20181231_QX7_PhGe_LC95_SA_TechnicalReplicates_8	0.5671895719182366	0.3403008518093397
20181231_QX7_PhGe_LC95_SA_TechnicalReplicates_1_190104120800	20181231_QX7_PhGe_LC95_SA_TechnicalReplicates_9	0.55687020036521	0.3324032512434793
20181231_QX7_PhGe_LC95_SA_TechnicalReplicates_2_190104150314	20181231_QX7_PhGe_LC95_SA_TechnicalReplicates_3_190104175825	0.6311627427747154	0.3942817470335774
20181231_QX7_PhGe_LC95_SA_TechnicalReplicates_2_190104150314	20181231_QX7_PhGe_LC95_SA_TechnicalReplicates_4_190104205346	0.6243391674793409	0.38981562774363476
20181231_QX7_PhGe_LC95_SA_TechnicalReplicates_2_190104150314	20181231_QX7_PhGe_LC95_SA_TechnicalReplicates_5_190104234917	0.6052899546866249	0.3745301929341017
20181231_QX7_PhGe_LC95_SA_TechnicalReplicates_2_190104150314	20181231_QX7_PhGe_LC95_SA_TechnicalReplicates_6	0.5976406257910992	0.36734441629071135
20181231_QX7_PhGe_LC95_SA_TechnicalReplicates_2_190104150314	20181231_QX7_PhGe_LC95_SA_TechnicalReplicates_7	0.5889067282123326	0.3594932037640691
20181231_QX7_PhGe_LC95_SA_TechnicalReplicates_2_190104150314	20181231_QX7_PhGe_LC95_SA_TechnicalReplicates_8	0.5746186270574066	0.3462335446123842
20181231_QX7_PhGe_LC95_SA_TechnicalReplicates_2_190104150314	20181231_QX7_PhGe_LC95_SA_TechnicalReplicates_9	0.564582496989161	0.3390276757286309
20181231_QX7_PhGe_LC95_SA_TechnicalReplicates_3_190104175825	20181231_QX7_PhGe_LC95_SA_TechnicalReplicates_4_190104205346	0.632603910397514	0.39724382072191666
20181231_QX7_PhGe_LC95_SA_TechnicalReplicates_3_190104175825	20181231_QX7_PhGe_LC95_SA_TechnicalReplicates_5_190104234917	0.615265919144121	0.38567719875894385
20181231_QX7_PhGe_LC95_SA_TechnicalReplicates_3_190104175825	20181231_QX7_PhGe_LC95_SA_TechnicalReplicates_6	0.6090874184052221	0.3759431315083869
20181231_QX7_PhGe_LC95_SA_TechnicalReplicates_3_190104175825	20181231_QX7_PhGe_LC95_SA_TechnicalReplicates_7	0.6031612919620848	0.3694247732637595
20181231_QX7_PhGe_LC95_SA_TechnicalReplicates_3_190104175825	20181231_QX7_PhGe_LC95_SA_TechnicalReplicates_8	0.5824957593863136	0.3521973974957034
20181231_QX7_PhGe_LC95_SA_TechnicalReplicates_3_190104175825	20181231_QX7_PhGe_LC95_SA_TechnicalReplicates_9	0.5697856637347083	0.34108098136875115
20181231_QX7_PhGe_LC95_SA_TechnicalReplicates_4_190104205346	20181231_QX7_PhGe_LC95_SA_TechnicalReplicates_5_190104234917	0.6229414958248236	0.38727410590168077
20181231_QX7_PhGe_LC95_SA_TechnicalReplicates_4_190104205346	20181231_QX7_PhGe_LC95_SA_TechnicalReplicates_6	0.6185274872481838	0.38546751783702593
20181231_QX7_PhGe_LC95_SA_TechnicalReplicates_4_190104205346	20181231_QX7_PhGe_LC95_SA_TechnicalReplicates_7	0.6065786791683653	0.3683103384272722
20181231_QX7_PhGe_LC95_SA_TechnicalReplicates_4_190104205346	20181231_QX7_PhGe_LC95_SA_TechnicalReplicates_8	0.5863294738980297	0.3548090479985288
20181231_QX7_PhGe_LC95_SA_TechnicalReplicates_4_190104205346	20181231_QX7_PhGe_LC95_SA_TechnicalReplicates_9	0.5758529650690496	0.345943285969121
20181231_QX7_PhGe_LC95_SA_TechnicalReplicates_5_190104234917	20181231_QX7_PhGe_LC95_SA_TechnicalReplicates_6	0.6262146011951156	0.3905595736581652
20181231_QX7_PhGe_LC95_SA_TechnicalReplicates_5_190104234917	20181231_QX7_PhGe_LC95_SA_TechnicalReplicates_7	0.6204503830577554	0.3756989382421311
20181231_QX7_PhGe_LC95_SA_TechnicalReplicates_5_190104234917	20181231_QX7_PhGe_LC95_SA_TechnicalReplicates_8	0.596700956876427	0.36429951992019455
20181231_QX7_PhGe_LC95_SA_TechnicalReplicates_5_190104234917	20181231_QX7_PhGe_LC95_SA_TechnicalReplicates_9	0.5856260095894977	0.34822928984875834
20181231_QX7_PhGe_LC95_SA_TechnicalReplicates_6	20181231_QX7_PhGe_LC95_SA_TechnicalReplicates_7	0.6255397264524136	0.39282109512995206
20181231_QX7_PhGe_LC95_SA_TechnicalReplicates_6	20181231_QX7_PhGe_LC95_SA_TechnicalReplicates_8	0.6048848353686814	0.37934483620905224
20181231_QX7_PhGe_LC95_SA_TechnicalReplicates_6	20181231_QX7_PhGe_LC95_SA_TechnicalReplicates_9	0.5905224475111145	0.3639712769278801
20181231_QX7_PhGe_LC95_SA_TechnicalReplicates_7	20181231_QX7_PhGe_LC95_SA_TechnicalReplicates_8	0.612519666761239	0.3792391440370417
20181231_QX7_PhGe_LC95_SA_TechnicalReplicates_7	20181231_QX7_PhGe_LC95_SA_TechnicalReplicates_9	0.5969305123525026	0.36087553005737094
20181231_QX7_PhGe_LC95_SA_TechnicalReplicates_8	20181231_QX7_PhGe_LC95_SA_TechnicalReplicates_9	0.6218210567927264	0.3825282109800938
